slot	path	package	referenced_by	vendor_or_daemon	size	sha256	power_string_count	file
a	/bin/busybox	busybox		0	542640	1ec2365105b5e4b72aee6c8fea1bc6d4dff576fc8f2a3a4de50622a2709bdb92	4	ELF 64-bit LSB executable, ARM aarch64, version 1 (SYSV), dynamically linked, interpreter /lib/ld-musl-aarch64.so.1, stripped
a	/bin/fct	fct		0	26440	240aa35cc5c85dd8b0fdec0dee1c5f970d432c272a3dd04a453ce43357181d3f	0	ELF 64-bit LSB executable, ARM aarch64, version 1 (SYSV), dynamically linked, interpreter /lib/ld-musl-aarch64.so.1, stripped
a	/bin/opkg	opkg		0	161144	cae65a0a4acc618104a41cf9ccf2f0c9b366a80d78bf5dc3e1ded0e7c469971e	8	ELF 64-bit LSB executable, ARM aarch64, version 1 (SYSV), dynamically linked, interpreter /lib/ld-musl-aarch64.so.1, stripped
a	/bin/sample_dm	ql-ril-client		1	10056	414c33d2972e6cc0d9f4f282bfedc8bcc30db6e755150d354778b28afa44f8d2	0	ELF 64-bit LSB executable, ARM aarch64, version 1 (SYSV), dynamically linked, interpreter /lib/ld-musl-aarch64.so.1, stripped
a	/bin/sample_nw	ql-ril-client		1	75664	99751dc30e5f2af495908dfa28337b283688ad678c47a12067f6c2b17fbe1448	0	ELF 64-bit LSB executable, ARM aarch64, version 1 (SYSV), dynamically linked, interpreter /lib/ld-musl-aarch64.so.1, stripped
a	/bin/sample_sim	ql-ril-client		1	22816	efe00b34232561d0f28045e5075b2952e688e2c44d5f315f2c940149e7952049	0	ELF 64-bit LSB executable, ARM aarch64, version 1 (SYSV), dynamically linked, interpreter /lib/ld-musl-aarch64.so.1, stripped
a	/bin/sample_sms	ql-ril-client		1	18320	02fab1099b8859487d34d43c4ce3911110fa9c609fa9c48fe5b5013a012e8120	0	ELF 64-bit LSB executable, ARM aarch64, version 1 (SYSV), dynamically linked, interpreter /lib/ld-musl-aarch64.so.1, stripped
a	/bin/ubus	ubus		0	18192	5f9de60b5b5ce0c3ac49976807b3beb724fe50ff7ecfa047a2ff5cd05a9eb6e0	0	ELF 64-bit LSB pie executable, ARM aarch64, version 1 (SYSV), dynamically linked, interpreter /lib/ld-musl-aarch64.so.1, stripped
a	/bin/uclient-fetch	uclient-fetch		0	22432	1cb495e28b4300fd00c01b96214a86e539610b59dd20b8b1c09ebb30a4bef403	0	ELF 64-bit LSB executable, ARM aarch64, version 1 (SYSV), dynamically linked, interpreter /lib/ld-musl-aarch64.so.1, stripped
a	/bin/usim	usim		0	14072	b4fa5709af8c369133f97c728a4ee291141d302b9a3537218fe54e0984708c1a	0	ELF 64-bit LSB executable, ARM aarch64, version 1 (SYSV), dynamically linked, interpreter /lib/ld-musl-aarch64.so.1, stripped
a	/sbin/464xlatcfg	464xlat		0	10128	4f6c36ad092b0eda640efadc77ce24b4d3912640ce7610fbf997cef626d455d3	0	ELF 64-bit LSB executable, ARM aarch64, version 1 (SYSV), dynamically linked, interpreter /lib/ld-musl-aarch64.so.1, stripped
a	/sbin/adbd_usb	adbd_usb	usb.init	1	105608	be811365535d4b41ec7621b8bc862b6c7da1886a087e6cb7249dc6f5a0685822	7	ELF 64-bit LSB executable, ARM aarch64, version 1 (SYSV), dynamically linked, interpreter /lib/ld-musl-aarch64.so.1, stripped
a	/sbin/aee_aed	aee	aee_aed	1	109832	5c81bd0ea1fd245ca7aa75e7067dabe478cf563f5b1d032457cc46a644db9c11	36	ELF 64-bit LSB pie executable, ARM aarch64, version 1 (SYSV), dynamically linked, interpreter /lib/ld-musl-aarch64.so.1, stripped
a	/sbin/aee_core_forwarder	aee		0	18360	6439ae166c2a271ca15a6d3feb87d69c84dde037b626cc344431f8991ea1ad91	0	ELF 64-bit LSB pie executable, ARM aarch64, version 1 (SYSV), dynamically linked, interpreter /lib/ld-musl-aarch64.so.1, stripped
a	/sbin/askfirst	procd		0	5816	20ddb8c156c395449fc672b6197a53d344351de2561022ccd8a0124956dc61f5	0	ELF 64-bit LSB pie executable, ARM aarch64, version 1 (SYSV), dynamically linked, interpreter /lib/ld-musl-aarch64.so.1, stripped
a	/sbin/fw3	firewall		0	117392	5538ea1e2e53d53c1c896aa2fe3e4ec013b3bdf6cf239e8e78af30a5e8f651a4	0	ELF 64-bit LSB executable, ARM aarch64, version 1 (SYSV), dynamically linked, interpreter /lib/ld-musl-aarch64.so.1, stripped
a	/sbin/init	procd		0	18376	f6f2d78eba119aeab018493e9249bb75fbac7ae7735150574e50fb8900074296	9	ELF 64-bit LSB pie executable, ARM aarch64, version 1 (SYSV), dynamically linked, interpreter /lib/ld-musl-aarch64.so.1, stripped
a	/sbin/jffs2reset	fstools		0	9976	0d110c4bc85f0d4776e0057334e1d240df2fa0ab7f5e02b106dd0585db41d658	1	ELF 64-bit LSB executable, ARM aarch64, version 1 (SYSV), dynamically linked, interpreter /lib/ld-musl-aarch64.so.1, stripped
a	/sbin/kmodloader	ubox		0	18320	78584821c6bd8b77cc73db1458ffc4b25fb6e55aea8f29f242fef3bc8e9f64db	0	ELF 64-bit LSB executable, ARM aarch64, version 1 (SYSV), dynamically linked, interpreter /lib/ld-musl-aarch64.so.1, stripped
a	/sbin/logd	logd	log	1	18760	b96d70ed1df8c9b883d4579bd1807c5bb0a84b75db31061ef597542adc3f7575	1	ELF 64-bit LSB executable, ARM aarch64, version 1 (SYSV), dynamically linked, interpreter /lib/ld-musl-aarch64.so.1, stripped
a	/sbin/logread	logd	log	1	30624	4f1660705e002854bdd117e6cc0d3ecb0f8919df9cb7d6867b005306c4909690	0	ELF 64-bit LSB executable, ARM aarch64, version 1 (SYSV), dynamically linked, interpreter /lib/ld-musl-aarch64.so.1, stripped
a	/sbin/mmc	mmc-utils		0	83176	384bc7a2e76c0f40bf1e06211b567509cbbe4fc3eb7d80d47a4a719054f0d41b	3	ELF 64-bit LSB executable, ARM aarch64, version 1 (SYSV), dynamically linked, interpreter /lib/ld-musl-aarch64.so.1, stripped
a	/sbin/mount_root	fstools		0	10056	fe4a87e47c23c14f62071d8ebf9d36e29b17e007499ba368b9905e4e2968047c	1	ELF 64-bit LSB executable, ARM aarch64, version 1 (SYSV), dynamically linked, interpreter /lib/ld-musl-aarch64.so.1, stripped
a	/sbin/mtd	mtd		0	26528	8398a9a47e85862417af12e4ed73ab82b720fc8aa2ad0cef05aaabd66994dd92	9	ELF 64-bit LSB executable, ARM aarch64, version 1 (SYSV), dynamically linked, interpreter /lib/ld-musl-aarch64.so.1, stripped
a	/sbin/mtk_dut	sigma_daemon		1	667232	b6c61c2c17b8fdc857c171ac880054ee2477fde5123d9827271ef35295cf6171	2	ELF 64-bit LSB executable, ARM aarch64, version 1 (SYSV), dynamically linked, interpreter /lib/ld-musl-aarch64.so.1, stripped
a	/sbin/netifd	netifd	network	1	198080	c43c15c0b293a1cea59d76422a57b98c25ecbd9759359b3e50f60fe4b163cac1	0	ELF 64-bit LSB executable, ARM aarch64, version 1 (SYSV), dynamically linked, interpreter /lib/ld-musl-aarch64.so.1, stripped
a	/sbin/procd	procd		0	103600	156039e83ee038e0713284ac29cf4c5927f6f8a89183c7a07fdca678ca6701a9	26	ELF 64-bit LSB pie executable, ARM aarch64, version 1 (SYSV), dynamically linked, interpreter /lib/ld-musl-aarch64.so.1, stripped
a	/sbin/rpcd	rpcd	rpcd	1	67936	3aa5922f3f13a65c10af014168d70fc9b606dfb5e32e9d2882035c7d8dab97ce	1	ELF 64-bit LSB pie executable, ARM aarch64, version 1 (SYSV), dynamically linked, interpreter /lib/ld-musl-aarch64.so.1, stripped
a	/sbin/swconfig	swconfig		0	22624	3eaef525d6e18d605b27d938c7597a87b4ccf796c42f19b617f0ad7eda10c09d	0	ELF 64-bit LSB executable, ARM aarch64, version 1 (SYSV), dynamically linked, interpreter /lib/ld-musl-aarch64.so.1, stripped
a	/sbin/ubusd	ubusd		0	34880	d9bcc7d9ab262288a33d999aba38e4b9baa5f0acf8182bbbf2165a7c62616564	0	ELF 64-bit LSB pie executable, ARM aarch64, version 1 (SYSV), dynamically linked, interpreter /lib/ld-musl-aarch64.so.1, stripped
a	/sbin/uci	uci		0	18328	06222893cd8caa8bd3e0cbcd8e03efd55822c51ade09d1eaf2a04d76c57d5ad3	0	ELF 64-bit LSB executable, ARM aarch64, version 1 (SYSV), dynamically linked, interpreter /lib/ld-musl-aarch64.so.1, stripped
a	/sbin/udevtrigger	procd		0	9912	5d5194d58e7ab2218ca9fa04e73516136dd7a7b1d52f3495d9c90c83e8cb4cc8	0	ELF 64-bit LSB pie executable, ARM aarch64, version 1 (SYSV), dynamically linked, interpreter /lib/ld-musl-aarch64.so.1, stripped
a	/sbin/upgraded	procd		0	9920	ed0a45c8dece97082a4ff555102bbfd5d8fa31407eb9be637ea8d16a37c5dc57	9	ELF 64-bit LSB pie executable, ARM aarch64, version 1 (SYSV), dynamically linked, interpreter /lib/ld-musl-aarch64.so.1, stripped
a	/sbin/urngd	urngd	urngd	1	14224	871bbf15547681e08e21d98199a64e6ddf91317028ddc4afe87bf7473e9fa91b	0	ELF 64-bit LSB executable, ARM aarch64, version 1 (SYSV), dynamically linked, interpreter /lib/ld-musl-aarch64.so.1, stripped
a	/sbin/validate_data	ubox		0	10128	72c1d11e3c877042814e1cc37489fcc52cbfb92a9cea65d6242bde4615a8dd47	0	ELF 64-bit LSB executable, ARM aarch64, version 1 (SYSV), dynamically linked, interpreter /lib/ld-musl-aarch64.so.1, stripped
a	/sbin/wfa_ca	sigma_dut		0	139912	abc90b8cd2cb961fbebc807a1e4641cb4be9622bb56289974785f9e6eb386a14	2	ELF 64-bit LSB executable, ARM aarch64, version 1 (SYSV), dynamically linked, interpreter /lib/ld-musl-aarch64.so.1, stripped
a	/sbin/wfa_dut	sigma_dut		0	97648	f22986efc513d5b9ad087eb07b13c2bb85c0b6bc07290c9398d39fd2314d19e7	1	ELF 64-bit LSB executable, ARM aarch64, version 1 (SYSV), dynamically linked, interpreter /lib/ld-musl-aarch64.so.1, stripped
a	/usr/bin/1905ctrl	1905daemon		0	27504	5d1ced6499cd2c62a01f93f34066eef0673cc8689e40c1bb9be60f4883187da1	0	ELF 64-bit LSB executable, ARM aarch64, version 1 (SYSV), dynamically linked, interpreter /lib/ld-musl-aarch64.so.1, stripped
a	/usr/bin/AFC	AFC		0	51096	a81bf5166bcf7e375a1afeaa68dd1efb1b1062c4fd0dff1fe8f81af3f63ed6be	1	ELF 64-bit LSB executable, ARM aarch64, version 1 (SYSV), dynamically linked, interpreter /lib/ld-musl-aarch64.so.1, stripped
a	/usr/bin/apcli_detectd	apcli_detectd		0	14232	860a8d756381ca5b20b757551b6bff731f238ebb221c1028ce035180985fb4e8	0	ELF 64-bit LSB executable, ARM aarch64, version 1 (SYSV), dynamically linked, interpreter /lib/ld-musl-aarch64.so.1, stripped
a	/usr/bin/atci_service	atci_service	atci_service	1	65080	f75005d98a6d9841d453cdb8f903f5a74ec8f84b6ed66f0ab4a191d429ae4ad5	10	ELF 64-bit LSB executable, ARM aarch64, version 1 (SYSV), dynamically linked, interpreter /lib/ld-musl-aarch64.so.1, stripped
a	/usr/bin/atcid	atcid	atcid	1	95728	0f699cc8d0669c51f12ca495f0c40d361c5ad3167ac48f77abb94a0d036fc99d	12	ELF 64-bit LSB executable, ARM aarch64, version 1 (SYSV), dynamically linked, interpreter /lib/ld-musl-aarch64.so.1, stripped
a	/usr/bin/ated	ated_ext		0	43312	e3dbec663097654e7bb80ee40c2b2b9b1b6bc9014eb04790b1991cbff6666aa8	0	ELF 64-bit LSB executable, ARM aarch64, version 1 (SYSV), dynamically linked, interpreter /lib/ld-musl-aarch64.so.1, stripped
a	/usr/bin/audio-ctrl-service	audio-ctrl-service	audio-ctrl-service	1	39408	5b4c02a5a115da5b6edd09e78fb2aa45a2f922c5c97a6959dc2da7d8e4e3b561	0	ELF 64-bit LSB executable, ARM aarch64, version 1 (SYSV), dynamically linked, interpreter /lib/ld-musl-aarch64.so.1, stripped
a	/usr/bin/auto_adapt	auto_adapt	auto_adapt	1	35080	95bb69536b84ab678c243319fdaea4a01c382f4b7dcca51e30d05b329d3be6e6	0	ELF 64-bit LSB executable, ARM aarch64, version 1 (SYSV), dynamically linked, interpreter /lib/ld-musl-aarch64.so.1, stripped
a	/usr/bin/bs20	mapd		0	1160432	da67658bea3481d9e594ad8910dea63056a4368cd688784fd2c05c24189f3826	5	ELF 64-bit LSB executable, ARM aarch64, version 1 (SYSV), dynamically linked, interpreter /lib/ld-musl-aarch64.so.1, stripped
a	/usr/bin/ccci_fsd	ccci_fsd	2ccci_fsd	1	85784	d7f9490c71919cf5f0dd8153eaf16591808aaec4f096dba83404df0d0daf8254	1	ELF 64-bit LSB executable, ARM aarch64, version 1 (SYSV), dynamically linked, interpreter /lib/ld-musl-aarch64.so.1, stripped
a	/usr/bin/ccci_mdinit	ccci_mdinit	3ccci_mdinit	1	23024	79505f49805f388982fcf5312d704ee6a38e67ac382b4cb7bd3d61783e3a3055	4	ELF 64-bit LSB executable, ARM aarch64, version 1 (SYSV), dynamically linked, interpreter /lib/ld-musl-aarch64.so.1, stripped
a	/usr/bin/ccci_rpcd_com	ccci_rpcd_com	3ccci_rpcd_com	1	18336	5db61d1c542ef36de722b3aa8ac2fd1d63176498e796dceb3fc111220b47c50f	0	ELF 64-bit LSB executable, ARM aarch64, version 1 (SYSV), dynamically linked, interpreter /lib/ld-musl-aarch64.so.1, stripped
a	/usr/bin/connsyslogD	connsyslogD	connsyslogD	1	96360	56f7a0b561da8fec07030b798a67f04fa942bbbc6437d8b9ea26d1af9f1334dd	1	ELF 64-bit LSB executable, ARM aarch64, version 1 (SYSV), dynamically linked, interpreter /lib/ld-musl-aarch64.so.1, stripped
a	/usr/bin/curl	curl		0	133096	b08e06cfb535b4b42f127401ceee12cac519c72f52a7f7402a14f1f6fdf2e23f	1	ELF 64-bit LSB executable, ARM aarch64, version 1 (SYSV), dynamically linked, interpreter /lib/ld-musl-aarch64.so.1, stripped
a	/usr/bin/datconf	datconf		0	18400	0f417331dd322d8dce7f44a46b62fca1474a5db89f30d6a4ced30874f32e739d	0	ELF 64-bit LSB executable, ARM aarch64, version 1 (SYSV), dynamically linked, interpreter /lib/ld-musl-aarch64.so.1, stripped
a	/usr/bin/dconfig	dconfig		0	121232	e70a5044313222e4717d1eb29449baae6d22eb2f5226e5045c0e3dcf164fd04b	8	ELF 64-bit LSB executable, ARM aarch64, version 1 (SYSV), dynamically linked, interpreter /lib/ld-musl-aarch64.so.1, stripped
a	/usr/bin/dtc	dtc		0	104688	1c44cf6112ce3188d73bb376dc8bdd3de80dff3506e25ea10f650818d3830b5b	0	ELF 64-bit LSB executable, ARM aarch64, version 1 (SYSV), dynamically linked, interpreter /lib/ld-musl-aarch64.so.1, stripped
a	/usr/bin/emdlogger1	mdlogger	mdlogger	1	387488	243a557a4305d0cc0f11d97ecf7e17e11af0272a750d37783ee8fda511099ad7	13	ELF 64-bit LSB pie executable, ARM aarch64, version 1 (SYSV), dynamically linked, interpreter /lib/ld-musl-aarch64.so.1, stripped
a	/usr/bin/fm_gnss	mnld		0	18552	67bd29cf0d41d96f2343bbd10accaef02a914fc623ed02ea76f3cd00ad72d1e2	0	ELF 64-bit LSB executable, ARM aarch64, version 1 (SYSV), dynamically linked, interpreter /lib/ld-musl-aarch64.so.1, stripped
a	/usr/bin/fwtool	fwtool		0	14232	d488725af4b255533211b8c1de7a1e7eb8481545457c2d93143ce5e4544431ba	0	ELF 64-bit LSB executable, ARM aarch64, version 1 (SYSV), dynamically linked, interpreter /lib/ld-musl-aarch64.so.1, stripped
a	/usr/bin/getrandom	getrandom		0	6032	77d3ec8e32b83112edf72252b3ec29bf0a99199d084b0d926f6a2d964d08483e	0	ELF 64-bit LSB executable, ARM aarch64, version 1 (SYSV), dynamically linked, interpreter /lib/ld-musl-aarch64.so.1, stripped
a	/usr/bin/gnss	gnss	gnss	1	10176	77a55d3884a7305ea5b774a3210538e107ee5e69e52a9abc160fb1da5df504ee	0	ELF 64-bit LSB executable, ARM aarch64, version 1 (SYSV), dynamically linked, interpreter /lib/ld-musl-aarch64.so.1, stripped
a	/usr/bin/gpslog	mnld		0	31008	caf9e59294f851f575ddbee4d9aab642d843de1af200b6a662e4c04c2f53b8fe	0	ELF 64-bit LSB executable, ARM aarch64, version 1 (SYSV), dynamically linked, interpreter /lib/ld-musl-aarch64.so.1, stripped
a	/usr/bin/hwnat	hwnat		0	26688	7fad901efa18ada0855857d5c92edb2768f92c924aeb32a7f4e2bc6a43f98724	0	ELF 64-bit LSB executable, ARM aarch64, version 1 (SYSV), dynamically linked, interpreter /lib/ld-musl-aarch64.so.1, stripped
a	/usr/bin/iostat	sysstat		0	55336	4414de397fe1ceb9d9fbe53b55da6690ebbae82969f82516acefca1bfae284cd	0	ELF 64-bit LSB executable, ARM aarch64, version 1 (SYSV), dynamically linked, interpreter /lib/ld-musl-aarch64.so.1, stripped
a	/usr/bin/iperf	iperf		0	96472	7a43ea4f436da7eb86e48cfd04e728a3ba53f858f21ebab47e4d4e5b8362677e	0	ELF 64-bit LSB executable, ARM aarch64, version 1 (SYSV), dynamically linked, interpreter /lib/ld-musl-aarch64.so.1, stripped
a	/usr/bin/iperf3	iperf3		0	114456	e0787078dc7e00975d0f12c988659738a2ff6948e77639b5664322cb16f8e842	0	ELF 64-bit LSB executable, ARM aarch64, version 1 (SYSV), dynamically linked, interpreter /lib/ld-musl-aarch64.so.1, stripped
a	/usr/bin/iwinfo	iwinfo		0	18792	d1e9b25f190dc23e2b8b81ff3fa80613a333f9e738b15c6a9766c26846ca46ac	0	ELF 64-bit LSB executable, ARM aarch64, version 1 (SYSV), dynamically linked, interpreter /lib/ld-musl-aarch64.so.1, stripped
a	/usr/bin/jshn	jshn		0	18328	9af4c57147f2a3928d9a4b36ff839dc5f01da3ad69455c409cd8746e5c5822d5	0	ELF 64-bit LSB executable, ARM aarch64, version 1 (SYSV), dynamically linked, interpreter /lib/ld-musl-aarch64.so.1, stripped
a	/usr/bin/jsonfilter	jsonfilter		0	26704	4c53516cf8d4ae61db7fac147db4cab0e3610569abd5b789845c209113edbb35	0	ELF 64-bit LSB executable, ARM aarch64, version 1 (SYSV), dynamically linked, interpreter /lib/ld-musl-aarch64.so.1, stripped
a	/usr/bin/kn_dcsd	monitor-tools	kn_dcsd	1	35312	7d16a670bc621b564d9ce083294794134dd304c00bd2a17f22db3183e12646a5	0	ELF 64-bit LSB executable, ARM aarch64, version 1 (SYSV), dynamically linked, interpreter /lib/ld-musl-aarch64.so.1, stripped
a	/usr/bin/kn_fotad	monitor-tools	kn_fotad	1	96864	4652c85d7a08fdd86c313b34773998e4b82459e33b16b194bd849b6faf55e4d8	172	ELF 64-bit LSB executable, ARM aarch64, version 1 (SYSV), dynamically linked, interpreter /lib/ld-musl-aarch64.so.1, stripped
a	/usr/bin/kn_htchkd	monitor-tools	kn_htchkd	1	84896	8a8e47c3e8b872ab8cdd674279ea734ef756ab397d425af03a8138d9dc813477	15	ELF 64-bit LSB executable, ARM aarch64, version 1 (SYSV), dynamically linked, interpreter /lib/ld-musl-aarch64.so.1, stripped
a	/usr/bin/kn_key_controller	monitor-tools	kn_key_controller	1	27104	af98805b4fac4a7aad06191c893ddf51aa44269125e1ff746467e1959928430d	0	ELF 64-bit LSB executable, ARM aarch64, version 1 (SYSV), dynamically linked, interpreter /lib/ld-musl-aarch64.so.1, stripped
a	/usr/bin/kn_led_controller	monitor-tools	kn_led_controller	1	43488	088738ce77ead2bfde7df2480933f672511aeeaa451fb57d5fc93382f2021ed9	7	ELF 64-bit LSB executable, ARM aarch64, version 1 (SYSV), dynamically linked, interpreter /lib/ld-musl-aarch64.so.1, stripped
a	/usr/bin/kn_ledmond	monitor-tools	kn_ledmond	1	47616	bf20741ff43e631e5f1c66a9cd92722ccf980516b2cd23a60dd131ffc1cfa164	0	ELF 64-bit LSB executable, ARM aarch64, version 1 (SYSV), dynamically linked, interpreter /lib/ld-musl-aarch64.so.1, stripped
a	/usr/bin/kn_log_controller	kn_log_controller		1	10056	9df893f5d0fd78555bc0d2bcd61a1a89d756e039bbcdfd6cec35403bce7dc2ae	0	ELF 64-bit LSB executable, ARM aarch64, version 1 (SYSV), dynamically linked, interpreter /lib/ld-musl-aarch64.so.1, stripped
a	/usr/bin/kn_meshd	monitor-tools	kn_meshd	1	92656	0296ce1737743ab2ebc92a05ece66edbb78faee63a8a51c1c464e5ab83ff21ba	0	ELF 64-bit LSB executable, ARM aarch64, version 1 (SYSV), dynamically linked, interpreter /lib/ld-musl-aarch64.so.1, stripped
a	/usr/bin/kn_modeswitchd	monitor-tools	kn_modeswitchd	1	109344	b5c628d152b211d0686c65728c4706ebd66c70af63141b3e8a2cfe4dc8cae57a	14	ELF 64-bit LSB executable, ARM aarch64, version 1 (SYSV), dynamically linked, interpreter /lib/ld-musl-aarch64.so.1, stripped
a	/usr/bin/kn_procd	monitor-tools	kn_procd	1	31200	11b3bab900ce9ca95d2918670a18dea43d8409333d6f048fe3140152e9dde3ff	0	ELF 64-bit LSB executable, ARM aarch64, version 1 (SYSV), dynamically linked, interpreter /lib/ld-musl-aarch64.so.1, stripped
a	/usr/bin/kn_syslogd	monitor-tools	kn_syslogd	1	92800	618d1981c3b6dc783221f427d602a515a97d9dd35b09eb8dee1ba13f04bd8890	17	ELF 64-bit LSB executable, ARM aarch64, version 1 (SYSV), dynamically linked, interpreter /lib/ld-musl-aarch64.so.1, stripped
a	/usr/bin/kn_sysmond	monitor-tools	kn_sysmond	1	51680	704fa75e2b3b36d98e10a87a190d4f0a3dabc27b3d8dc4155216cce9c9d701ad	20	ELF 64-bit LSB executable, ARM aarch64, version 1 (SYSV), dynamically linked, interpreter /lib/ld-musl-aarch64.so.1, stripped
a	/usr/bin/kn_telnetd	monitor-tools	kn_telnetd	1	39392	49e7a528cfdc476427042b35776e932e6bb5ba1342e8232b668469f879fef8d0	0	ELF 64-bit LSB executable, ARM aarch64, version 1 (SYSV), dynamically linked, interpreter /lib/ld-musl-aarch64.so.1, stripped
a	/usr/bin/kn_wps	kn_wps		1	10056	79f2169eb359ebf0070e8e384acbfa4aaf3fc7f9aea4e346ab3f0eef5dc6ee0b	0	ELF 64-bit LSB executable, ARM aarch64, version 1 (SYSV), dynamically linked, interpreter /lib/ld-musl-aarch64.so.1, stripped
a	/usr/bin/knsh	KnShell		0	759624	5658fb1a54e11fa81385653f3d62e7014f3ad33a2bf62734ee20986291c4e1d5	91	ELF 64-bit LSB executable, ARM aarch64, version 1 (SYSV), dynamically linked, interpreter /lib/ld-musl-aarch64.so.1, stripped
a	/usr/bin/kuci	kn_uci		1	10128	bd768cdc4bca41f399bc4bcdf96b5f1e8344208a23b2789dffebffe7429fbe2f	0	ELF 64-bit LSB executable, ARM aarch64, version 1 (SYSV), dynamically linked, interpreter /lib/ld-musl-aarch64.so.1, stripped
a	/usr/bin/kvcedit	kvcedit		0	14240	33a48ff032c62acb07ab483cefdf9a2fb90189eecf7adc4e5c9c861c928c4fb2	0	ELF 64-bit LSB executable, ARM aarch64, version 1 (SYSV), dynamically linked, interpreter /lib/ld-musl-aarch64.so.1, stripped
a	/usr/bin/lbs_em	lbs_em		0	531120	beea4c085b690c92f7bf25265d17ea02df43622d79ca03adc46a8deef691ebe8	5	ELF 64-bit LSB executable, ARM aarch64, version 1 (SYSV), dynamically linked, interpreter /lib/ld-musl-aarch64.so.1, stripped
a	/usr/bin/libmodem-afe-ctrl-server-bin	libmodemafectrl	libmodem_afe_service	1	10288	27793600b35562b9ed1d2d3c07e6b3c069eb5296e4f4b0265c784e0f5ab30359	0	ELF 64-bit LSB executable, ARM aarch64, version 1 (SYSV), dynamically linked, interpreter /lib/ld-musl-aarch64.so.1, stripped
a	/usr/bin/log_controld	log_controld	log_controld	1	35192	149ceaa85f1faabbb442f9b603ad638ea9b779cb0dcd3aac688b0499e55df20a	0	ELF 64-bit LSB executable, ARM aarch64, version 1 (SYSV), dynamically linked, interpreter /lib/ld-musl-aarch64.so.1, stripped
a	/usr/bin/lppe_service	lppe_service	lppe_service	1	162072	a609c805df183bc35b9369a94c45187e8a4ac115089b2a9bb2fcf69d3d687bef	0	ELF 64-bit LSB executable, ARM aarch64, version 1 (SYSV), dynamically linked, interpreter /lib/ld-musl-aarch64.so.1, stripped
a	/usr/bin/lua5.1	lua		0	14160	5f1fcfa9ac7c5c3359fcc001b86a009fa6dfb4880874f69d2c8333172bf4d496	0	ELF 64-bit LSB executable, ARM aarch64, version 1 (SYSV), dynamically linked, interpreter /lib/ld-musl-aarch64.so.1, stripped
a	/usr/bin/mapd	mapd		0	1299712	c13da46793936adb926fc7a7e7bdc141b6f063d0752e9355b297a615df2c674c	5	ELF 64-bit LSB executable, ARM aarch64, version 1 (SYSV), dynamically linked, interpreter /lib/ld-musl-aarch64.so.1, stripped
a	/usr/bin/mapd_cli	mapd		0	65664	cc86dd660c358d5ed711cfc4cae2a020b47738fe1fb9ebc9a96aa7e64e2f66cc	0	ELF 64-bit LSB executable, ARM aarch64, version 1 (SYSV), dynamically linked, interpreter /lib/ld-musl-aarch64.so.1, stripped
a	/usr/bin/mapd_user_iface	mapd		0	10056	dca2eccbcef2a723d47d0278f0b8d1b9898bd2b3d4214787f750cfec51cc120f	0	ELF 64-bit LSB executable, ARM aarch64, version 1 (SYSV), dynamically linked, interpreter /lib/ld-musl-aarch64.so.1, stripped
a	/usr/bin/mcf_cmd	mcf_cmd		0	14240	cb997f7e46c21c8effdeffdf03e80268a9944826795c60a1f0dd85b7d0adbf68	0	ELF 64-bit LSB executable, ARM aarch64, version 1 (SYSV), dynamically linked, interpreter /lib/ld-musl-aarch64.so.1, stripped
a	/usr/bin/meta_tst	meta_tst	meta_tst	1	145416	c87d914d6683c6f2f279b27b3f506a9801f2ffd5c2776a25a6e9d46efeb52b4c	18	ELF 64-bit LSB executable, ARM aarch64, version 1 (SYSV), dynamically linked, interpreter /lib/ld-musl-aarch64.so.1, stripped
a	/usr/bin/mii_mgr	mii_mgr		0	10224	84cc5ecbbc016942fe798be95e6770d7ada6806c9a5e3879ae0a3622bac15e64	0	ELF 64-bit LSB executable, ARM aarch64, version 1 (SYSV), dynamically linked, interpreter /lib/ld-musl-aarch64.so.1, stripped
a	/usr/bin/mii_mgr_cl45	mii_mgr		0	10224	65e86d0b30e5b6c8baadc6a013be79a0b3c838b11d96e8c72fcf1054457f87b2	0	ELF 64-bit LSB executable, ARM aarch64, version 1 (SYSV), dynamically linked, interpreter /lib/ld-musl-aarch64.so.1, stripped
a	/usr/bin/mipc_submonitor	mipc_submonitor	mipc_submonitor.init	1	36472	158a34026a55ba38af8c28accd107533be1834b73d5278f04583898ce8d8a9a4	3	ELF 64-bit LSB executable, ARM aarch64, version 1 (SYSV), dynamically linked, interpreter /lib/ld-musl-aarch64.so.1, stripped
a	/usr/bin/mipc_wan_cli	mipc-wan		1	77128	c991d314396e13c81a21cc295e7b3fe53a212b40d2d7cc5923736f70e972d407	2	ELF 64-bit LSB executable, ARM aarch64, version 1 (SYSV), dynamically linked, interpreter /lib/ld-musl-aarch64.so.1, stripped
a	/usr/bin/mnld	mnld	mnld	1	883176	82e719343e1d24593c470558c18598dbb4c56492f4bdbf483c25fed7e909b953	31	ELF 64-bit LSB executable, ARM aarch64, version 1 (SYSV), dynamically linked, interpreter /lib/ld-musl-aarch64.so.1, stripped
a	/usr/bin/mnld_test	mnld		0	43376	6292728ba33bb7264304c60b893da35c06cdefb6b0f9b9226ba40e7752fdff19	0	ELF 64-bit LSB executable, ARM aarch64, version 1 (SYSV), dynamically linked, interpreter /lib/ld-musl-aarch64.so.1, stripped
a	/usr/bin/mpstat	sysstat		0	55344	dd26d837a21510ef2f5b67ab3dec90c335eecf9b424bef4200f9d1324ea4e7ae	0	ELF 64-bit LSB executable, ARM aarch64, version 1 (SYSV), dynamically linked, interpreter /lib/ld-musl-aarch64.so.1, stripped
a	/usr/bin/mrdump_tool	mrdump_tool		0	51224	371958cbbae8f78e3b89eb1ba69f06b8ade3b39d51af3be19fe365b1dde7a381	2	ELF 64-bit LSB executable, ARM aarch64, version 1 (SYSV), dynamically linked, interpreter /lib/ld-musl-aarch64.so.1, stripped
a	/usr/bin/mtk_act_data_call	mtk_netagent		1	10056	f25fa72d56bc262285d36c27557a453a0ef6184f575712b687b5fd2d806657f8	0	ELF 64-bit LSB executable, ARM aarch64, version 1 (SYSV), dynamically linked, interpreter /lib/ld-musl-aarch64.so.1, stripped
a	/usr/bin/mtk_agpsd	mtk_agpsd	mtk_agpsd	1	2690152	a3bfc50124324af0ef5b4cc66d328dba064746ebb434e1610592a65984ab92b0	29	ELF 64-bit LSB executable, ARM aarch64, version 1 (SYSV), dynamically linked, interpreter /lib/ld-musl-aarch64.so.1, stripped
a	/usr/bin/mtk_deact_data_call	mtk_netagent		1	9976	039db0f613b95e85e8bda734d0887b5d7037ffbab570316a9e0e74e91e8b114f	0	ELF 64-bit LSB executable, ARM aarch64, version 1 (SYSV), dynamically linked, interpreter /lib/ld-musl-aarch64.so.1, stripped
a	/usr/bin/mtk_ia	mtk_netagent		1	10056	84e91d7fb914cef8c432cc651222ea390d1a1022d9a129654d2e50dfa997b62d	0	ELF 64-bit LSB executable, ARM aarch64, version 1 (SYSV), dynamically linked, interpreter /lib/ld-musl-aarch64.so.1, stripped
a	/usr/bin/mtk_monitor_hang	monitor_hang	mtk_hang_detect	1	10272	7d39ae981b32a764f0c5c14659701f202cf383f5e22449d4bb789f0a851ad8f4	5	ELF 64-bit LSB executable, ARM aarch64, version 1 (SYSV), dynamically linked, interpreter /lib/ld-musl-aarch64.so.1, stripped
a	/usr/bin/mtk_netagent	mtk_netagent	mtk_netagent	1	30704	c9ebc975a4b3a5643e303e73e922b6df243f71334b9416b6af53d39240c8cd52	0	ELF 64-bit LSB executable, ARM aarch64, version 1 (SYSV), dynamically linked, interpreter /lib/ld-musl-aarch64.so.1, stripped
a	/usr/bin/nvram_daemon	mtk_nvram	1nvram_daemon	1	10392	b822b7d69d60af917080a4489854375f9789e23e8022f539e45dc7d97ffbfb6c	1	ELF 64-bit LSB executable, ARM aarch64, version 1 (SYSV), dynamically linked, interpreter /lib/ld-musl-aarch64.so.1, stripped
a	/usr/bin/nvram_test	mtk_nvram		1	6056	f146d691319db17d92d2d5e2113a1e3f85567ddf82dd8df8d661a16a852ef151	0	ELF 64-bit LSB executable, ARM aarch64, version 1 (SYSV), dynamically linked, interpreter /lib/ld-musl-aarch64.so.1, stripped
a	/usr/bin/nvramedit	kn_nvramedit		1	10128	13b197bd612561bd592b2d6bbd87a28cff99a0a08a34a75a6a41b8ce6bdcb239	0	ELF 64-bit LSB executable, ARM aarch64, version 1 (SYSV), dynamically linked, interpreter /lib/ld-musl-aarch64.so.1, stripped
a	/usr/bin/openssl	openssl-util		0	595440	176c971a1baee98e0132554ce4f03258b72512d16e64a18e1ac974408102ab48	5	ELF 64-bit LSB executable, ARM aarch64, version 1 (SYSV), dynamically linked, interpreter /lib/ld-musl-aarch64.so.1, stripped
a	/usr/bin/p1905_managerd	1905daemon		0	1113320	14bbaf8cf74b3c22781a3dd8ddf5eaf9ce16d9a57d02908f98daf58a834719a2	0	ELF 64-bit LSB executable, ARM aarch64, version 1 (SYSV), dynamically linked, interpreter /lib/ld-musl-aarch64.so.1, stripped
a	/usr/bin/php8-cgi	php8-cgi		0	4097912	283fde4bb1ec0ac567663cccec760e2dcf911e07e2fa69deec58425609aef230	31	ELF 64-bit LSB executable, ARM aarch64, version 1 (SYSV), dynamically linked, interpreter /lib/ld-musl-aarch64.so.1, stripped
a	/usr/bin/php8-cli	php8-cli		0	4163768	9eba8ce49909b5ea7b7566081a6ca072ce0e1802681ed45aea560327b319c672	32	ELF 64-bit LSB executable, ARM aarch64, version 1 (SYSV), dynamically linked, interpreter /lib/ld-musl-aarch64.so.1, stripped
a	/usr/bin/php8-fpm	php8-fpm	php8-fpm	1	4206736	071aafa1d74d4ad7912a5144a49811baaea42e6ec1903df9773d12fcf61abcff	31	ELF 64-bit LSB executable, ARM aarch64, version 1 (SYSV), dynamically linked, interpreter /lib/ld-musl-aarch64.so.1, stripped
a	/usr/bin/pidstat	sysstat		0	59440	16f8715f840e51e20b6a3db2cd4e60a7c264d07653009c8806c80b06765fab7e	0	ELF 64-bit LSB executable, ARM aarch64, version 1 (SYSV), dynamically linked, interpreter /lib/ld-musl-aarch64.so.1, stripped
a	/usr/bin/ql_datacall	ql-datacall		1	47256	69ce13da3f56a9ae5be5ffad4d4da2f32ea31ced1c91d651c3ca63a473b0cdd4	0	ELF 64-bit LSB executable, ARM aarch64, version 1 (SYSV), dynamically linked, interpreter /lib/ld-musl-aarch64.so.1, stripped
a	/usr/bin/ql_ippt	ql-ippt	ql_ippt	1	34632	9aa74f1d9926be202a7d08d7d13628da2bd3a420e5ff7663784a66467da8b5d7	0	ELF 64-bit LSB executable, ARM aarch64, version 1 (SYSV), dynamically linked, interpreter /lib/ld-musl-aarch64.so.1, stripped
a	/usr/bin/ql_netd	ql-netd	ql_netd	1	121168	4b816444d64597e8a2a7d48da2113e7ea979c2952606586b0fe6f03bfa46f295	0	ELF 64-bit LSB executable, ARM aarch64, version 1 (SYSV), dynamically linked, interpreter /lib/ld-musl-aarch64.so.1, stripped
a	/usr/bin/ql_powerd	ql_powerd	ql_powerd.init	1	14152	0b7b0837648ab6268f4d6fab0c9e29badff83b6b318a777ddb0eb301a1a2ec3f	0	ELF 64-bit LSB executable, ARM aarch64, version 1 (SYSV), dynamically linked, interpreter /lib/ld-musl-aarch64.so.1, stripped
a	/usr/bin/ql_ril_service	ql-ril-service	ql_ril_service	1	328888	2c58631a17c9ab6e9eb1b41b8079cf61e2532cd6dbc0afd38db28ed5ec3e912b	0	ELF 64-bit LSB executable, ARM aarch64, version 1 (SYSV), dynamically linked, interpreter /lib/ld-musl-aarch64.so.1, stripped
a	/usr/bin/ql_wifi_sample	ql_wifi_api		1	44360	cd45c858d2abfcc0d735095e798f4db3880e87b68e8058ccb494ae0a219d15ae	0	ELF 64-bit LSB executable, ARM aarch64, version 1 (SYSV), dynamically linked, interpreter /lib/ld-musl-aarch64.so.1, stripped
a	/usr/bin/rawdata_test	rawdata_test		0	14672	53c58fbf28e377d947bb58383c8b209ccf7456cb73b2a2b2aecd5218e3d2e606	0	ELF 64-bit LSB executable, ARM aarch64, version 1 (SYSV), dynamically linked, interpreter /lib/ld-musl-aarch64.so.1, stripped
a	/usr/bin/regs	regs		0	10128	8a9f44fe5cd9ce6e8bc42e32a06264e693753e957fcadb382fff2f9d5aff2215	0	ELF 64-bit LSB executable, ARM aarch64, version 1 (SYSV), dynamically linked, interpreter /lib/ld-musl-aarch64.so.1, stripped
a	/usr/bin/rrdtool	rrdtool1		0	18248	222e776184783b5766f6e75734d9308856449513518f26a5e9be9e88b6b6eb0c	0	ELF 64-bit LSB executable, ARM aarch64, version 1 (SYSV), dynamically linked, interpreter /lib/ld-musl-aarch64.so.1, stripped
a	/usr/bin/rrdupdate	rrdtool1		0	14216	5516534807652881780e749f8ed02098f72edaee87d00c7cc59010dbc213abb4	0	ELF 64-bit LSB executable, ARM aarch64, version 1 (SYSV), dynamically linked, interpreter /lib/ld-musl-aarch64.so.1, stripped
a	/usr/bin/sadf	sysstat		0	300928	bf4afc5c75cf0bfc91a2236cc0f8ebe83d9179e221f6e4599ce22d47e2ed0935	0	ELF 64-bit LSB executable, ARM aarch64, version 1 (SYSV), dynamically linked, interpreter /lib/ld-musl-aarch64.so.1, stripped
a	/usr/bin/sample_adc	libql_peripheral		0	5880	062861118acad78f3713c7ee6d6c3429cd6860ec88cff04a3d390d52fd7822b2	0	ELF 64-bit LSB executable, ARM aarch64, version 1 (SYSV), dynamically linked, interpreter /lib/ld-musl-aarch64.so.1, stripped
a	/usr/bin/sample_at	libql_at		0	10056	5dc619ebe037bd1cef7c667078e1d7fcdfb51253603d698c6795440e3744d8e1	0	ELF 64-bit LSB executable, ARM aarch64, version 1 (SYSV), dynamically linked, interpreter /lib/ld-musl-aarch64.so.1, stripped
a	/usr/bin/sample_datacall	ql-datacall		1	18680	07d5507127c647eabdb9a8bed60fc6f3cd1e4cfc17a0aabbe49df75f1fb2c346	0	ELF 64-bit LSB executable, ARM aarch64, version 1 (SYSV), dynamically linked, interpreter /lib/ld-musl-aarch64.so.1, stripped
a	/usr/bin/sample_eth	libql_peripheral		0	10128	11b12df111e28cfa8c2f2b5d004173fcc6b4a8b4ba5e4a085725ff32f13c7375	0	ELF 64-bit LSB executable, ARM aarch64, version 1 (SYSV), dynamically linked, interpreter /lib/ld-musl-aarch64.so.1, stripped
a	/usr/bin/sample_gpio_int	libql_peripheral		0	5888	f395670d9a61f742ccb377b2526fa13dbd5bf170d895584ed62dafd80750299b	0	ELF 64-bit LSB executable, ARM aarch64, version 1 (SYSV), dynamically linked, interpreter /lib/ld-musl-aarch64.so.1, stripped
a	/usr/bin/sample_gpio_normal	libql_peripheral		0	5888	8c4ccddb1417d2e0c5d638efd7e5a472c2aed9820c785c46aaccde4307a5be38	0	ELF 64-bit LSB executable, ARM aarch64, version 1 (SYSV), dynamically linked, interpreter /lib/ld-musl-aarch64.so.1, stripped
a	/usr/bin/sample_i2c	libql_peripheral		0	5880	4d7fbaab4eb1c278df119afb5633f0d0fab1511126a892a57ab0824750ca6b80	0	ELF 64-bit LSB executable, ARM aarch64, version 1 (SYSV), dynamically linked, interpreter /lib/ld-musl-aarch64.so.1, stripped
a	/usr/bin/sample_iaapn	ql-iaapn		1	10416	9afe01df8372bdaa275fbb24c489d0dda94066c9cbcec4b4552a1ae68668f6b3	0	ELF 64-bit LSB executable, ARM aarch64, version 1 (SYSV), dynamically linked, interpreter /lib/ld-musl-aarch64.so.1, stripped
a	/usr/bin/sample_spi	libql_peripheral		0	5960	1205f08188136fd0553d180560d8b117db43180760897f864d011f6fd51d1e5d	0	ELF 64-bit LSB executable, ARM aarch64, version 1 (SYSV), dynamically linked, interpreter /lib/ld-musl-aarch64.so.1, stripped
a	/usr/bin/sample_uart	libql_peripheral		0	10056	f8c54eda4662487478aa6399e5eabc8e4bf0c336cd085af523ae1498712b4601	0	ELF 64-bit LSB executable, ARM aarch64, version 1 (SYSV), dynamically linked, interpreter /lib/ld-musl-aarch64.so.1, stripped
a	/usr/bin/sar	sysstat		0	115752	8fc73b39605ca82e62de27e45a92d12ecad65e82f09ae8e458f8cfaf37d7e395	0	ELF 64-bit LSB executable, ARM aarch64, version 1 (SYSV), dynamically linked, interpreter /lib/ld-musl-aarch64.so.1, stripped
a	/usr/bin/scd	scd	scd	1	18368	047b8ae602418ca9a42235009dc44cb2b863bf7aebb9ba65caf52f04a0b9a484	9	ELF 64-bit LSB executable, ARM aarch64, version 1 (SYSV), dynamically linked, interpreter /lib/ld-musl-aarch64.so.1, stripped
a	/usr/bin/speech_daemon	libspeech_drv	speech_daemon	1	14384	7f7f7bf2a070a2e6541090e511b3a0d99fe477e6a79310bc5c70bc173f8ccd7a	0	ELF 64-bit LSB executable, ARM aarch64, version 1 (SYSV), dynamically linked, interpreter /lib/ld-musl-aarch64.so.1, stripped
a	/usr/bin/speed_monitor	speed_monitor		0	9976	b673891e3087411218ba88654a7786adbe8d6e425ccc69f6f968b57c54bb1f98	0	ELF 64-bit LSB executable, ARM aarch64, version 1 (SYSV), dynamically linked, interpreter /lib/ld-musl-aarch64.so.1, stripped
a	/usr/bin/strace	strace		0	923936	b2e356f03757818eedaaf26aafa5a397ea76bc0a1d8b15c8b827f7a5525053b3	35	ELF 64-bit LSB executable, ARM aarch64, version 1 (SYSV), dynamically linked, interpreter /lib/ld-musl-aarch64.so.1, stripped
a	/usr/bin/sudo	sudo		0	137384	3dd3b515a93cd0408436e25b8246448ee7331075eb6ef4c2843558fe6e3155b5	0	setuid ELF 64-bit LSB executable, ARM aarch64, version 1 (SYSV), dynamically linked, interpreter /lib/ld-musl-aarch64.so.1, stripped
a	/usr/bin/switch	switch	switch_otg_daemon	1	79760	a7d7f03ac1f1027ed3c89af40848b02da1c5a2b6c53df4fe85bb21e597991ddf	0	ELF 64-bit LSB executable, ARM aarch64, version 1 (SYSV), dynamically linked, interpreter /lib/ld-musl-aarch64.so.1, stripped
a	/usr/bin/switch_otg_daemon	switch_otg_daemon	switch_otg_daemon	1	10064	0b82b938945a40a0c9e6843a790616f67d9a8d885412fd41ab6a4bd4e60f1c6d	0	ELF 64-bit LSB executable, ARM aarch64, version 1 (SYSV), dynamically linked, interpreter /lib/ld-musl-aarch64.so.1, stripped
a	/usr/bin/thermal_core	thermal_core	thermal_core	1	55544	0081b71eafef926b39acd7f8e12442ee3f41eee7d4f5970d44899ac21cd32c68	4	ELF 64-bit LSB pie executable, ARM aarch64, version 1 (SYSV), dynamically linked, interpreter /lib/ld-musl-aarch64.so.1, stripped
a	/usr/bin/thermal_intf	thermal_core		0	9912	5c6622fdb146af54db085aa1e720d9ac9311585737c3371f34e5a219eecc2b2c	0	ELF 64-bit LSB pie executable, ARM aarch64, version 1 (SYSV), dynamically linked, interpreter /lib/ld-musl-aarch64.so.1, stripped
a	/usr/bin/upgrade	kn_upgrade		1	22416	6999f9b158a1e7b64a663d34428f150c1b06d52c13ef40b49cda562430745458	49	ELF 64-bit LSB executable, ARM aarch64, version 1 (SYSV), dynamically linked, interpreter /lib/ld-musl-aarch64.so.1, stripped
a	/usr/bin/usign	usign		0	26512	9ed369a575fe7da2ede60bde8fd77d13ce69ed7750086fd2d2493ceeec5a450e	0	ELF 64-bit LSB executable, ARM aarch64, version 1 (SYSV), dynamically linked, interpreter /lib/ld-musl-aarch64.so.1, stripped
a	/usr/bin/vnstat	vnstat2		0	120720	ed162bbc50fa4b94ac2c98e0094f51efff95a173fb91ba8dd91a282f8435e3e4	4	ELF 64-bit LSB executable, ARM aarch64, version 1 (SYSV), dynamically linked, interpreter /lib/ld-musl-aarch64.so.1, stripped
a	/usr/bin/vnstati	vnstati2		0	96144	8b9995146dfbfd2ef562bead38b657ef863b2b97adaf9600d731b7ffc1855653	4	ELF 64-bit LSB executable, ARM aarch64, version 1 (SYSV), dynamically linked, interpreter /lib/ld-musl-aarch64.so.1, stripped
a	/usr/bin/wapp	wapp	wapp	1	1298800	9b2f429203b0fe4d226aadf7f5068160e61ade292dc5956b52335724d5732b3b	2	ELF 64-bit LSB executable, ARM aarch64, version 1 (SYSV), dynamically linked, interpreter /lib/ld-musl-aarch64.so.1, stripped
a	/usr/bin/wappctrl	wapp		0	46648	770bc1a59a604153aeb8a54ecdb682d0f96d87ab10b8e97410af7234e5b86443	0	ELF 64-bit LSB executable, ARM aarch64, version 1 (SYSV), dynamically linked, interpreter /lib/ld-musl-aarch64.so.1, stripped
a	/usr/bin/wificonf	wificonf		0	18328	8e25b4edaba983bc575561838531f356da39a162890d33fc32ee240d06222cf9	0	ELF 64-bit LSB executable, ARM aarch64, version 1 (SYSV), dynamically linked, interpreter /lib/ld-musl-aarch64.so.1, stripped
a	/usr/sbin/adjtimex	ntpclient		0	10128	9fe9a1975c1c99a685f9993f6bd127a06088b8d6b670ac8f437479aa0e2b6574	0	ELF 64-bit LSB executable, ARM aarch64, version 1 (SYSV), dynamically linked, interpreter /lib/ld-musl-aarch64.so.1, stripped
a	/usr/sbin/at_erftx	at_erftx		0	10056	e6a0743ed24e999183070343a3833f4d349797daeb8981161973a2c29cf9de45	0	ELF 64-bit LSB executable, ARM aarch64, version 1 (SYSV), dynamically linked, interpreter /lib/ld-musl-aarch64.so.1, stripped
a	/usr/sbin/blkid	blkid		0	108472	13ecef848d2192e7de2f423a6223a9b7751c5487ffedc2ecab41ae614e0de6b1	0	ELF 64-bit LSB executable, ARM aarch64, version 1 (SYSV), dynamically linked, interpreter /lib/ld-musl-aarch64.so.1, stripped
a	/usr/sbin/bridge	ip-bridge		0	65336	fc1fa42d2b4c9af9a70dade1bafd05b8028b13286a500fb087aa067c7ef62e28	0	ELF 64-bit LSB executable, ARM aarch64, version 1 (SYSV), dynamically linked, interpreter /lib/ld-musl-aarch64.so.1, stripped
a	/usr/sbin/collectd	collectd	collectd	1	215440	730ec59c4affd0b63c77a4c089267d0deb0b84472ecd14d6cb9ec77e580ab003	4	ELF 64-bit LSB executable, ARM aarch64, version 1 (SYSV), dynamically linked, interpreter /lib/ld-musl-aarch64.so.1, stripped
a	/usr/sbin/conntrack	conntrack		0	68184	08a9990481e93bcb4a6f3bb6c8668c44a40c0bbdcbd7313c8c8cca2bb9bb5b09	3	ELF 64-bit LSB executable, ARM aarch64, version 1 (SYSV), dynamically linked, interpreter /lib/ld-musl-aarch64.so.1, stripped
a	/usr/sbin/dnsmasq	dnsmasq	dnsmasq	1	307760	58fa804b9150b8d01097353912bd1f1a1649eacc133c896b357cbe00bb266447	1	ELF 64-bit LSB pie executable, ARM aarch64, version 1 (SYSV), dynamically linked, interpreter /lib/ld-musl-aarch64.so.1, stripped
a	/usr/sbin/dropbear	dropbear	dropbear	1	203600	074db35b5710be92d6e6d4532d1c6625f72d5414ceb2a8616a2a5cede09aa11a	1	ELF 64-bit LSB pie executable, ARM aarch64, version 1 (SYSV), dynamically linked, interpreter /lib/ld-musl-aarch64.so.1, stripped
a	/usr/sbin/e2fsck	e2fsprogs		0	289592	a833253bb3b9f1217f5b684cd27766b21c219e9a0cbdb5a236388688b015723e	10	ELF 64-bit LSB executable, ARM aarch64, version 1 (SYSV), dynamically linked, interpreter /lib/ld-musl-aarch64.so.1, stripped
a	/usr/sbin/easycwmpd	easycwmp	easycwmpd	1	89280	0e9f08bd64239c114de20628fccd33aa8cb08bdf89dd175459142aed9eaa3ed1	10	ELF 64-bit LSB executable, ARM aarch64, version 1 (SYSV), dynamically linked, interpreter /lib/ld-musl-aarch64.so.1, stripped
a	/usr/sbin/ebtables	ebtables		0	5960	b5b7f01b1ac27658a2ffbdbcc869b097683b1584ee14d5e2cf0e1f3e6b520162	0	ELF 64-bit LSB executable, ARM aarch64, version 1 (SYSV), dynamically linked, interpreter /lib/ld-musl-aarch64.so.1, stripped
a	/usr/sbin/ebtables-restore	ebtables-utils		0	10128	3e26833ee3eaeb4e7ccbc004a136f26f53654f820c7981fd2c6f6248a41d9963	0	ELF 64-bit LSB executable, ARM aarch64, version 1 (SYSV), dynamically linked, interpreter /lib/ld-musl-aarch64.so.1, stripped
a	/usr/sbin/esp32_controller	esp32_at_send		1	10152	1421688ed95e10386bb243efd4b3a06592ae736a73265902a70340b6a04a09a9	0	ELF 64-bit LSB executable, ARM aarch64, version 1 (SYSV), dynamically linked, interpreter /lib/ld-musl-aarch64.so.1, stripped
a	/usr/sbin/esp32_flasher	esp32_flasher		1	26520	144f5d5d9402df745d0e67f96747adcec0f37f5b0941264f6e393499a3a483f4	0	ELF 64-bit LSB executable, ARM aarch64, version 1 (SYSV), dynamically linked, interpreter /lib/ld-musl-aarch64.so.1, stripped
a	/usr/sbin/esp32_uart	esp32_uart	esp32_uart	1	10056	0d03c872e23d3b7c8ee70c24dfb6bc4f9d4d2cd64d04c7e35a21d2cab4596954	0	ELF 64-bit LSB executable, ARM aarch64, version 1 (SYSV), dynamically linked, interpreter /lib/ld-musl-aarch64.so.1, stripped
a	/usr/sbin/ethtool	ethtool		0	92296	ffbead88b822bf7f77f0cc89ed328fbea25f5a8abe1296cb37a87d41df0ae348	0	ELF 64-bit LSB executable, ARM aarch64, version 1 (SYSV), dynamically linked, interpreter /lib/ld-musl-aarch64.so.1, stripped
a	/usr/sbin/hostapd_cli	wpad-openssl		0	51264	089bf39922a99622d00730b53f882607fd76753efab96d09f2d4dfd1c5ac837a	1	ELF 64-bit LSB executable, ARM aarch64, version 1 (SYSV), dynamically linked, interpreter /lib/ld-musl-aarch64.so.1, stripped
a	/usr/sbin/ipset	ipset		0	5960	b6cbd073442ecf387b1d1d3c9577cf0571ca1632614c16674820f162aa8b37f1	0	ELF 64-bit LSB executable, ARM aarch64, version 1 (SYSV), dynamically linked, interpreter /lib/ld-musl-aarch64.so.1, stripped
a	/usr/sbin/iw	iw		0	137608	72c680c77240f583fa3b7b333660fc547df83f36d913f7e2d18eab5aaeb6bc53	1	ELF 64-bit LSB executable, ARM aarch64, version 1 (SYSV), dynamically linked, interpreter /lib/ld-musl-aarch64.so.1, stripped
a	/usr/sbin/iwconfig	wireless-tools		0	55248	311bcdbf0fdbbf8152c8f37b68b3b210c7e8adbd4b8a59b9a26850a0a35a5f29	0	ELF 64-bit LSB executable, ARM aarch64, version 1 (SYSV), dynamically linked, interpreter /lib/ld-musl-aarch64.so.1, stripped
a	/usr/sbin/lighttpd	lighttpd	lighttpd	1	329792	2a5df9a8186d5d377d357c7e9da47e4f20df3ebbbd22b958a208b95965bc22d5	15	ELF 64-bit LSB executable, ARM aarch64, version 1 (SYSV), dynamically linked, interpreter /lib/ld-musl-aarch64.so.1, stripped
a	/usr/sbin/logrotate	logrotate		0	63392	8b0418afa18e604711b895333f3c5d3e4eac43dc2fdf13cd43c96e604d2c1677	0	ELF 64-bit LSB executable, ARM aarch64, version 1 (SYSV), dynamically linked, interpreter /lib/ld-musl-aarch64.so.1, stripped
a	/usr/sbin/miniupnpd	miniupnpd-iptables	miniupnpd	1	158208	829479bb086bd1ce6f77e511c1621fd7304c40add9915c8ae4d0108f5ffa0a68	1	ELF 64-bit LSB executable, ARM aarch64, version 1 (SYSV), dynamically linked, interpreter /lib/ld-musl-aarch64.so.1, stripped
a	/usr/sbin/mke2fs	e2fsprogs		0	104520	e2ba443fb18720c324dbe04a9aa14f405f270087326dd4eb0318f0df4a5603cb	1	ELF 64-bit LSB executable, ARM aarch64, version 1 (SYSV), dynamically linked, interpreter /lib/ld-musl-aarch64.so.1, stripped
a	/usr/sbin/mwctl	mwctl		0	121248	ddb8ff4275ead92626f61146c5477c04c37b5789dffa21bd5d3f6c08f1f5ade4	0	ELF 64-bit LSB executable, ARM aarch64, version 1 (SYSV), dynamically linked, interpreter /lib/ld-musl-aarch64.so.1, stripped
a	/usr/sbin/ntpclient	ntpclient		0	18328	e39b944a46e8e5bff7c7ba0d7a94b6e32e0785c16b53ae94e56ebab2b30ee543	0	ELF 64-bit LSB executable, ARM aarch64, version 1 (SYSV), dynamically linked, interpreter /lib/ld-musl-aarch64.so.1, stripped
a	/usr/sbin/odhcp6c	odhcp6c		0	48888	037d2ce9d3dbd479f76d628a9441d4349c0bccb3028b295a09d53f90b56dfd19	0	ELF 64-bit LSB executable, ARM aarch64, version 1 (SYSV), dynamically linked, interpreter /lib/ld-musl-aarch64.so.1, stripped
a	/usr/sbin/odhcpd	odhcpd-ipv6only	odhcpd	1	88896	cfa2ba324881f9ffe9231f414a07235356634cc1118703d8dbe0b3bc011bf387	0	ELF 64-bit LSB pie executable, ARM aarch64, version 1 (SYSV), dynamically linked, interpreter /lib/ld-musl-aarch64.so.1, stripped
a	/usr/sbin/openvpn	openvpn-openssl	openvpn	1	493568	279f5f707cc6ae3c2d3be2bf31a60020a6b5c96d657c1a44563399b5efbf79dc	0	ELF 64-bit LSB executable, ARM aarch64, version 1 (SYSV), dynamically linked, interpreter /lib/ld-musl-aarch64.so.1, stripped
a	/usr/sbin/pppd	ppp		0	312312	3b731f980dba9c9f2f4913c4b4aaaacce9bc787f15e41e3798ee52af2b853cf8	0	ELF 64-bit LSB pie executable, ARM aarch64, version 1 (SYSV), dynamically linked, interpreter /lib/ld-musl-aarch64.so.1, stripped
a	/usr/sbin/sim_lock	sim_lock		0	10184	e9f52652168f4245c35b45cb1357d2157a245c32186a3c48af220e31cad05010	0	ELF 64-bit LSB executable, ARM aarch64, version 1 (SYSV), dynamically linked, interpreter /lib/ld-musl-aarch64.so.1, stripped
a	/usr/sbin/tcpdump	tcpdump		0	785608	c278cc81ae2a7905e57144a5dfebc2fde95a12c2e64b7031c9a7edfc274a39e1	13	ELF 64-bit LSB executable, ARM aarch64, version 1 (SYSV), dynamically linked, interpreter /lib/ld-musl-aarch64.so.1, stripped
a	/usr/sbin/visudo	sudo		0	215200	77896f78932ba050011c6db01715752746ea9335592652b9e19f539c41e4fe19	0	ELF 64-bit LSB executable, ARM aarch64, version 1 (SYSV), dynamically linked, interpreter /lib/ld-musl-aarch64.so.1, stripped
a	/usr/sbin/vnstatd	vnstat2	vnstat	1	92048	54ca0deb37407d82c450dcf925793bf3a8e33c09d4e4bd74d9bcd1e4732119d6	4	ELF 64-bit LSB executable, ARM aarch64, version 1 (SYSV), dynamically linked, interpreter /lib/ld-musl-aarch64.so.1, stripped
a	/usr/sbin/wpa_cli	wpad-openssl		0	98528	dbcc59e5b7a23a6e7f21fdcfa2fbec5522f35dc4a45901cb87e99e237d81a21e	1	ELF 64-bit LSB executable, ARM aarch64, version 1 (SYSV), dynamically linked, interpreter /lib/ld-musl-aarch64.so.1, stripped
a	/usr/sbin/wpad	wpad-openssl		0	2253672	bbd2e7c9f59243089b89b902db52c146ad19fb4b30dab83f72d2157c6e3f96c6	8	ELF 64-bit LSB pie executable, ARM aarch64, version 1 (SYSV), dynamically linked, interpreter /lib/ld-musl-aarch64.so.1, stripped
a	/usr/sbin/xtables-legacy-multi	iptables		0	70024	cdd2b4d74ebe542e3085a30a5c6c8a297c0ff12594f9f70b154dfe365961f513	2	ELF 64-bit LSB executable, ARM aarch64, version 1 (SYSV), dynamically linked, interpreter /lib/ld-musl-aarch64.so.1, stripped
b	/bin/busybox	busybox		0	542640	e5bb3ecbf6829bd0785d668d80dac0b41712bd84bf787cade9cb2782e2a6bd10	4	ELF 64-bit LSB executable, ARM aarch64, version 1 (SYSV), dynamically linked, interpreter /lib/ld-musl-aarch64.so.1, stripped
b	/bin/fct	fct		0	26440	240aa35cc5c85dd8b0fdec0dee1c5f970d432c272a3dd04a453ce43357181d3f	0	ELF 64-bit LSB executable, ARM aarch64, version 1 (SYSV), dynamically linked, interpreter /lib/ld-musl-aarch64.so.1, stripped
b	/bin/opkg	opkg		0	161144	6b8e33f34c1340eef50c34ea12823a49c5e04ed230499b03f761c0163a34b0cf	8	ELF 64-bit LSB executable, ARM aarch64, version 1 (SYSV), dynamically linked, interpreter /lib/ld-musl-aarch64.so.1, stripped
b	/bin/sample_dm	ql-ril-client		1	10056	18c8de592489f0def82934b3e3bbd6a2b6dfd227cb16bb69fb9ac030ac68ecc5	0	ELF 64-bit LSB executable, ARM aarch64, version 1 (SYSV), dynamically linked, interpreter /lib/ld-musl-aarch64.so.1, stripped
b	/bin/sample_nw	ql-ril-client		1	75664	c70bfde6b2f49041b54052450c96731d77076e6a8c649000ce03249f732f4530	0	ELF 64-bit LSB executable, ARM aarch64, version 1 (SYSV), dynamically linked, interpreter /lib/ld-musl-aarch64.so.1, stripped
b	/bin/sample_sim	ql-ril-client		1	22816	203b923553e11c3d861df986829fcf1cdfb2a9104946fffda5839e8f03dd47cd	0	ELF 64-bit LSB executable, ARM aarch64, version 1 (SYSV), dynamically linked, interpreter /lib/ld-musl-aarch64.so.1, stripped
b	/bin/sample_sms	ql-ril-client		1	18320	7d736fff17d4abb759af8e21d3f5f6f8f40fa88afef54723c8c5047be16b1274	0	ELF 64-bit LSB executable, ARM aarch64, version 1 (SYSV), dynamically linked, interpreter /lib/ld-musl-aarch64.so.1, stripped
b	/bin/ubus	ubus		0	18192	34603783f9ed16526c22f0db7a9ab6a21d0777f62a251d64dc907919171de388	0	ELF 64-bit LSB pie executable, ARM aarch64, version 1 (SYSV), dynamically linked, interpreter /lib/ld-musl-aarch64.so.1, stripped
b	/bin/uclient-fetch	uclient-fetch		0	22432	75f6f19146a723661a763ba4283c0fc019515584cb04932780c7deb7332a2566	0	ELF 64-bit LSB executable, ARM aarch64, version 1 (SYSV), dynamically linked, interpreter /lib/ld-musl-aarch64.so.1, stripped
b	/bin/usim	usim		0	14152	c865eaa5f58fe29f1c6454499cf0123f7e55a719c8f230a0f659ca47f1d81de2	0	ELF 64-bit LSB executable, ARM aarch64, version 1 (SYSV), dynamically linked, interpreter /lib/ld-musl-aarch64.so.1, stripped
b	/sbin/464xlatcfg	464xlat		0	10128	bfbedadd3a464ab6d850a6f61c64ce4ef3251beccf405147cf68c098418cce08	0	ELF 64-bit LSB executable, ARM aarch64, version 1 (SYSV), dynamically linked, interpreter /lib/ld-musl-aarch64.so.1, stripped
b	/sbin/adbd_usb	adbd_usb	usb.init	1	105608	76da9a57a89abe601a47dd61de32ce3e404217c98962d18c6c6ffc0cd45a7cb1	7	ELF 64-bit LSB executable, ARM aarch64, version 1 (SYSV), dynamically linked, interpreter /lib/ld-musl-aarch64.so.1, stripped
b	/sbin/aee_aed	aee	aee_aed	1	109832	5c81bd0ea1fd245ca7aa75e7067dabe478cf563f5b1d032457cc46a644db9c11	36	ELF 64-bit LSB pie executable, ARM aarch64, version 1 (SYSV), dynamically linked, interpreter /lib/ld-musl-aarch64.so.1, stripped
b	/sbin/aee_core_forwarder	aee		0	18360	6439ae166c2a271ca15a6d3feb87d69c84dde037b626cc344431f8991ea1ad91	0	ELF 64-bit LSB pie executable, ARM aarch64, version 1 (SYSV), dynamically linked, interpreter /lib/ld-musl-aarch64.so.1, stripped
b	/sbin/askfirst	procd		0	5816	8f30765ac9a7a386825d8444ecae7553414fb4aea59fd0a9a6aa1975b0a6d03f	0	ELF 64-bit LSB pie executable, ARM aarch64, version 1 (SYSV), dynamically linked, interpreter /lib/ld-musl-aarch64.so.1, stripped
b	/sbin/fw3	firewall		0	117392	3f837dc98b22acbc6afc470467ec6cab8a69320b78f5d43a9e91e12fe7d329cc	0	ELF 64-bit LSB executable, ARM aarch64, version 1 (SYSV), dynamically linked, interpreter /lib/ld-musl-aarch64.so.1, stripped
b	/sbin/init	procd		0	18376	1548ec45f1d3bc36a1b35cdfc44358e9756bb53d94376f2f1e1b6d4b3e2a24e1	9	ELF 64-bit LSB pie executable, ARM aarch64, version 1 (SYSV), dynamically linked, interpreter /lib/ld-musl-aarch64.so.1, stripped
b	/sbin/jffs2reset	fstools		0	9976	9a444230ed670fa9fe22741a2ec89e5afea005c0c4362ccd61763a1f1a9bca2e	1	ELF 64-bit LSB executable, ARM aarch64, version 1 (SYSV), dynamically linked, interpreter /lib/ld-musl-aarch64.so.1, stripped
b	/sbin/kmodloader	ubox		0	18320	481aa34c339bffedf65cfe85251c11728fe444b83dcc5dbb579d4b9ef410b08e	0	ELF 64-bit LSB executable, ARM aarch64, version 1 (SYSV), dynamically linked, interpreter /lib/ld-musl-aarch64.so.1, stripped
b	/sbin/logd	logd	log	1	18760	f376726f713cfa85c905fef7c96046a567b361e219ecb8ec5426e15abd3d4438	1	ELF 64-bit LSB executable, ARM aarch64, version 1 (SYSV), dynamically linked, interpreter /lib/ld-musl-aarch64.so.1, stripped
b	/sbin/logread	logd	log	1	30624	11bbf667d1ac7eee550d363f0aedaeeb6cc0b6e85ad8b260e47f583dd82e5988	0	ELF 64-bit LSB executable, ARM aarch64, version 1 (SYSV), dynamically linked, interpreter /lib/ld-musl-aarch64.so.1, stripped
b	/sbin/mmc	mmc-utils		0	83176	6d273201a793b7ec6c6211af60b0d1caeb1976455982558352a4d257f2bfa969	3	ELF 64-bit LSB executable, ARM aarch64, version 1 (SYSV), dynamically linked, interpreter /lib/ld-musl-aarch64.so.1, stripped
b	/sbin/mount_root	fstools		0	10056	d8d5727590fe3771ec25aeefc721d0a0d3956799ff540ae73434c2e06f47b36c	1	ELF 64-bit LSB executable, ARM aarch64, version 1 (SYSV), dynamically linked, interpreter /lib/ld-musl-aarch64.so.1, stripped
b	/sbin/mtd	mtd		0	26528	50172fe27575f27e149e1e77e0be97dfd15bd5b7e6777b09869f408be921e805	9	ELF 64-bit LSB executable, ARM aarch64, version 1 (SYSV), dynamically linked, interpreter /lib/ld-musl-aarch64.so.1, stripped
b	/sbin/mtk_dut	sigma_daemon		1	667232	f1bc8b7c98f38e7510f3eb1fd7aa4f5b331e2df6d8e25ce8060770a9d428427a	2	ELF 64-bit LSB executable, ARM aarch64, version 1 (SYSV), dynamically linked, interpreter /lib/ld-musl-aarch64.so.1, stripped
b	/sbin/netifd	netifd	network	1	198080	cf361afcb5e2218514dd5eb6572b7630046eeb50f9569382bb7b4d8c0170e645	0	ELF 64-bit LSB executable, ARM aarch64, version 1 (SYSV), dynamically linked, interpreter /lib/ld-musl-aarch64.so.1, stripped
b	/sbin/procd	procd		0	103600	a2f6a62b28861cb17a76554e41ce644a758792128a8513325462bce9b6a599b5	26	ELF 64-bit LSB pie executable, ARM aarch64, version 1 (SYSV), dynamically linked, interpreter /lib/ld-musl-aarch64.so.1, stripped
b	/sbin/rpcd	rpcd	rpcd	1	67936	65af7c7f9ba2c8f238379df7022423cdb310a25e26a1a046be8313748bc5b162	1	ELF 64-bit LSB pie executable, ARM aarch64, version 1 (SYSV), dynamically linked, interpreter /lib/ld-musl-aarch64.so.1, stripped
b	/sbin/swconfig	swconfig		0	22624	96df1511a76187e389de5b7523bcf18e5c68788c71394ab2374e00edfc1bddd7	0	ELF 64-bit LSB executable, ARM aarch64, version 1 (SYSV), dynamically linked, interpreter /lib/ld-musl-aarch64.so.1, stripped
b	/sbin/ubusd	ubusd		0	34880	a1332290d7de2dceb255b5e1ad5925dc8e9a355d50a7abeeff0454eec0ecc8f6	0	ELF 64-bit LSB pie executable, ARM aarch64, version 1 (SYSV), dynamically linked, interpreter /lib/ld-musl-aarch64.so.1, stripped
b	/sbin/uci	uci		0	18328	d089d7b563fc5651ef8af064b647b69b8a8c3c418dafda0c0b56ec308ece63cd	0	ELF 64-bit LSB executable, ARM aarch64, version 1 (SYSV), dynamically linked, interpreter /lib/ld-musl-aarch64.so.1, stripped
b	/sbin/udevtrigger	procd		0	9912	bea61ebb10d4dd6491270b88a7e86d4c494e65fbee6ff0c779e36e90b4dd0c1e	0	ELF 64-bit LSB pie executable, ARM aarch64, version 1 (SYSV), dynamically linked, interpreter /lib/ld-musl-aarch64.so.1, stripped
b	/sbin/upgraded	procd		0	9920	e09d0e7af29d360c322fea5c1069ba1c153aa8b2b16cbf2363752c9acd261887	9	ELF 64-bit LSB pie executable, ARM aarch64, version 1 (SYSV), dynamically linked, interpreter /lib/ld-musl-aarch64.so.1, stripped
b	/sbin/urngd	urngd	urngd	1	14224	597c8b6b7d377b3fd796f1f08379f96ffaa1b10b43efdbb7f92c2d5c74374302	0	ELF 64-bit LSB executable, ARM aarch64, version 1 (SYSV), dynamically linked, interpreter /lib/ld-musl-aarch64.so.1, stripped
b	/sbin/validate_data	ubox		0	10128	455ed7d405b4cda8ce118f90333e2d809d37b236b24bc8292952005aea9005a9	0	ELF 64-bit LSB executable, ARM aarch64, version 1 (SYSV), dynamically linked, interpreter /lib/ld-musl-aarch64.so.1, stripped
b	/sbin/wfa_ca	sigma_dut		0	139912	63cd1b7bf556be1d05219fda3a8cae38fbbf8e0791809df693c77c31245f7755	2	ELF 64-bit LSB executable, ARM aarch64, version 1 (SYSV), dynamically linked, interpreter /lib/ld-musl-aarch64.so.1, stripped
b	/sbin/wfa_dut	sigma_dut		0	97648	f3b82b181e4d79f6acd7d4a47f4ca57f920b7fc0f07bf81a978e130eb71ea2df	1	ELF 64-bit LSB executable, ARM aarch64, version 1 (SYSV), dynamically linked, interpreter /lib/ld-musl-aarch64.so.1, stripped
b	/usr/bin/1905ctrl	1905daemon		0	27504	38e2a4237b159e58a33295ab427a05732ff08b4a0c99497a5941a0db8a1b7b22	0	ELF 64-bit LSB executable, ARM aarch64, version 1 (SYSV), dynamically linked, interpreter /lib/ld-musl-aarch64.so.1, stripped
b	/usr/bin/AFC	AFC		0	51096	3f0a432370030f9bd3866547d7ca5df3c8dc8decec66d202e5cfdcffc2ad6aae	1	ELF 64-bit LSB executable, ARM aarch64, version 1 (SYSV), dynamically linked, interpreter /lib/ld-musl-aarch64.so.1, stripped
b	/usr/bin/apcli_detectd	apcli_detectd		0	14232	170ded422f805abe3fdf3c4486819080654bbe6795e057c06d2ab4f161020ece	0	ELF 64-bit LSB executable, ARM aarch64, version 1 (SYSV), dynamically linked, interpreter /lib/ld-musl-aarch64.so.1, stripped
b	/usr/bin/atci_service	atci_service	atci_service	1	65080	5b359a6a1cf4f90caaa6bc59fca66b7b2e1926755160df5344f59fcd1be67af1	10	ELF 64-bit LSB executable, ARM aarch64, version 1 (SYSV), dynamically linked, interpreter /lib/ld-musl-aarch64.so.1, stripped
b	/usr/bin/atcid	atcid	atcid	1	95728	fcf599980dfe936b98dd24a0ba95e9a216cca8cc582b91bd9ab69543ce65a145	12	ELF 64-bit LSB executable, ARM aarch64, version 1 (SYSV), dynamically linked, interpreter /lib/ld-musl-aarch64.so.1, stripped
b	/usr/bin/ated	ated_ext		0	43312	98f4ba1b0b99e341d0f0344f1c959397a9dffda928e704d1649fa507e5aff9c5	0	ELF 64-bit LSB executable, ARM aarch64, version 1 (SYSV), dynamically linked, interpreter /lib/ld-musl-aarch64.so.1, stripped
b	/usr/bin/audio-ctrl-service	audio-ctrl-service	audio-ctrl-service	1	39408	bfc239cb6b7f20fa7d55004ba343f3dd5cbbf508412ebdb2085956aa2fbfd3c2	0	ELF 64-bit LSB executable, ARM aarch64, version 1 (SYSV), dynamically linked, interpreter /lib/ld-musl-aarch64.so.1, stripped
b	/usr/bin/auto_adapt	auto_adapt	auto_adapt	1	35080	95bb69536b84ab678c243319fdaea4a01c382f4b7dcca51e30d05b329d3be6e6	0	ELF 64-bit LSB executable, ARM aarch64, version 1 (SYSV), dynamically linked, interpreter /lib/ld-musl-aarch64.so.1, stripped
b	/usr/bin/bs20	mapd		0	1160432	da67658bea3481d9e594ad8910dea63056a4368cd688784fd2c05c24189f3826	5	ELF 64-bit LSB executable, ARM aarch64, version 1 (SYSV), dynamically linked, interpreter /lib/ld-musl-aarch64.so.1, stripped
b	/usr/bin/ccci_fsd	ccci_fsd	2ccci_fsd	1	85784	0dbde97a59a3e2914a2748444317e0454a5ed6ed74cf0269789dcb3a6945f847	1	ELF 64-bit LSB executable, ARM aarch64, version 1 (SYSV), dynamically linked, interpreter /lib/ld-musl-aarch64.so.1, stripped
b	/usr/bin/ccci_mdinit	ccci_mdinit	3ccci_mdinit	1	23024	159a38793f530933823d24223f00a1fa42eff0233aa838e6ad00f40b86ffc9ce	4	ELF 64-bit LSB executable, ARM aarch64, version 1 (SYSV), dynamically linked, interpreter /lib/ld-musl-aarch64.so.1, stripped
b	/usr/bin/ccci_rpcd_com	ccci_rpcd_com	3ccci_rpcd_com	1	18336	00963a985acd45aa0186a7b8aeae5db4a240f567f3f2eb4e59e906d86394b66a	0	ELF 64-bit LSB executable, ARM aarch64, version 1 (SYSV), dynamically linked, interpreter /lib/ld-musl-aarch64.so.1, stripped
b	/usr/bin/connsyslogD	connsyslogD	connsyslogD	1	96360	87fa68e2b11c7021171fe49b488af0c823f673ef9a0a038bdd41c62090851843	1	ELF 64-bit LSB executable, ARM aarch64, version 1 (SYSV), dynamically linked, interpreter /lib/ld-musl-aarch64.so.1, stripped
b	/usr/bin/curl	curl		0	133096	0aea3a5db8db480383c7dc34b5f6f8e430741510f7aed939b10895316bd00017	1	ELF 64-bit LSB executable, ARM aarch64, version 1 (SYSV), dynamically linked, interpreter /lib/ld-musl-aarch64.so.1, stripped
b	/usr/bin/datconf	datconf		0	18400	8e3cc1de5b18cbd157d4db517471468796637f5d6c73984d2269524735c2b8d4	0	ELF 64-bit LSB executable, ARM aarch64, version 1 (SYSV), dynamically linked, interpreter /lib/ld-musl-aarch64.so.1, stripped
b	/usr/bin/dconfig	dconfig		0	121232	a84f2ab20ba25e2afe7a68c07beabbb40e7d06122025249ebd298c3dd24f3041	8	ELF 64-bit LSB executable, ARM aarch64, version 1 (SYSV), dynamically linked, interpreter /lib/ld-musl-aarch64.so.1, stripped
b	/usr/bin/dtc	dtc		0	104688	fbb6245330da5b0f25ea162acfafb7e1614fa9f20b7d1b33a252fa9e23749d58	0	ELF 64-bit LSB executable, ARM aarch64, version 1 (SYSV), dynamically linked, interpreter /lib/ld-musl-aarch64.so.1, stripped
b	/usr/bin/emdlogger1	mdlogger	mdlogger	1	387488	243a557a4305d0cc0f11d97ecf7e17e11af0272a750d37783ee8fda511099ad7	13	ELF 64-bit LSB pie executable, ARM aarch64, version 1 (SYSV), dynamically linked, interpreter /lib/ld-musl-aarch64.so.1, stripped
b	/usr/bin/fm_gnss	mnld		0	18552	04d4b87090f1ac0838577fdffbb99387940f1e51d051bcdfc7ca017a8c1867b6	0	ELF 64-bit LSB executable, ARM aarch64, version 1 (SYSV), dynamically linked, interpreter /lib/ld-musl-aarch64.so.1, stripped
b	/usr/bin/fwtool	fwtool		0	14232	804f212742e62cd95ea0c37323087a6911ccd65ca4ec74267a6b3eaafe8b9a64	0	ELF 64-bit LSB executable, ARM aarch64, version 1 (SYSV), dynamically linked, interpreter /lib/ld-musl-aarch64.so.1, stripped
b	/usr/bin/getrandom	getrandom		0	6032	9fa6eaf0087813b00e4d5bc57ead10d9fc732b7bd35ffb718ceff219c742bdc6	0	ELF 64-bit LSB executable, ARM aarch64, version 1 (SYSV), dynamically linked, interpreter /lib/ld-musl-aarch64.so.1, stripped
b	/usr/bin/gnss	gnss	gnss	1	10176	d9b1ae0d2182bcb2248ddf5ffed5f2d1586aa8a70878945d02c9cc1799f5798b	0	ELF 64-bit LSB executable, ARM aarch64, version 1 (SYSV), dynamically linked, interpreter /lib/ld-musl-aarch64.so.1, stripped
b	/usr/bin/gpslog	mnld		0	31008	427d6a0dd37461d8677cd369443f8dcf04924f7074c5f474fb90882b7f4c2416	0	ELF 64-bit LSB executable, ARM aarch64, version 1 (SYSV), dynamically linked, interpreter /lib/ld-musl-aarch64.so.1, stripped
b	/usr/bin/hwnat	hwnat		0	26688	0258a680b546fd44ee14034bf3e004969ab01d954c460d3ababb68b7ed3f80ad	0	ELF 64-bit LSB executable, ARM aarch64, version 1 (SYSV), dynamically linked, interpreter /lib/ld-musl-aarch64.so.1, stripped
b	/usr/bin/iostat	sysstat		0	55336	2825fbd0dbcdcd9a17bef6ec4fcd76a9692b31b032a0a225f7ed073c4648ec2b	0	ELF 64-bit LSB executable, ARM aarch64, version 1 (SYSV), dynamically linked, interpreter /lib/ld-musl-aarch64.so.1, stripped
b	/usr/bin/iperf	iperf		0	96472	1d841fbda320e92f89b8d740b910310fb3e000606826eb4ef3ef7b173774a4a8	0	ELF 64-bit LSB executable, ARM aarch64, version 1 (SYSV), dynamically linked, interpreter /lib/ld-musl-aarch64.so.1, stripped
b	/usr/bin/iperf3	iperf3		0	114456	45e8a9862f525055d20acf9317fffb22271b0daa3a3310538741fdc4b6f7db87	0	ELF 64-bit LSB executable, ARM aarch64, version 1 (SYSV), dynamically linked, interpreter /lib/ld-musl-aarch64.so.1, stripped
b	/usr/bin/iwinfo	iwinfo		0	18792	e9e24401d91f207bdefecaa1ab0b25b1f49023c3597017f4c5f6c005d6814942	0	ELF 64-bit LSB executable, ARM aarch64, version 1 (SYSV), dynamically linked, interpreter /lib/ld-musl-aarch64.so.1, stripped
b	/usr/bin/jshn	jshn		0	18328	6b812d5acb84876f577ba7e9a7449fa50fa9e22f778791aee2c7c465b2931827	0	ELF 64-bit LSB executable, ARM aarch64, version 1 (SYSV), dynamically linked, interpreter /lib/ld-musl-aarch64.so.1, stripped
b	/usr/bin/jsonfilter	jsonfilter		0	26704	e8b61e57746fc55728a88a648f119eb262bcf310e51549266b9d071770008595	0	ELF 64-bit LSB executable, ARM aarch64, version 1 (SYSV), dynamically linked, interpreter /lib/ld-musl-aarch64.so.1, stripped
b	/usr/bin/kn_dcsd	monitor-tools	kn_dcsd	1	35312	e5dc04cec3e92e9ceee1a0a6b6d63926c3ee91a27cc588ddb72e3018a3a4b565	0	ELF 64-bit LSB executable, ARM aarch64, version 1 (SYSV), dynamically linked, interpreter /lib/ld-musl-aarch64.so.1, stripped
b	/usr/bin/kn_fotad	monitor-tools	kn_fotad	1	100960	2f656ec663c40359f29dbbe0e3d7fd2e20edaf501d902cd29a5f38bd21c39036	173	ELF 64-bit LSB executable, ARM aarch64, version 1 (SYSV), dynamically linked, interpreter /lib/ld-musl-aarch64.so.1, stripped
b	/usr/bin/kn_htchkd	monitor-tools	kn_htchkd	1	84896	4125dbdf47edbb01148def7cecf0320071d056f585198f9c922f0a703864b405	18	ELF 64-bit LSB executable, ARM aarch64, version 1 (SYSV), dynamically linked, interpreter /lib/ld-musl-aarch64.so.1, stripped
b	/usr/bin/kn_key_controller	monitor-tools	kn_key_controller	1	27104	ea7a82f916e9f1a5820fae8c11b93d3349e015c0560ec74768abb9800ca2532d	0	ELF 64-bit LSB executable, ARM aarch64, version 1 (SYSV), dynamically linked, interpreter /lib/ld-musl-aarch64.so.1, stripped
b	/usr/bin/kn_led_controller	monitor-tools	kn_led_controller	1	43488	a0cf4e5d0b0b26d5e47841d66520b407715fb6a3189dba649c69e041a7943fd8	7	ELF 64-bit LSB executable, ARM aarch64, version 1 (SYSV), dynamically linked, interpreter /lib/ld-musl-aarch64.so.1, stripped
b	/usr/bin/kn_ledmond	monitor-tools	kn_ledmond	1	47616	be003d05e742ba84993ee2f2f88b11ae5d26be5512bd619c52a81e18cc82a24f	0	ELF 64-bit LSB executable, ARM aarch64, version 1 (SYSV), dynamically linked, interpreter /lib/ld-musl-aarch64.so.1, stripped
b	/usr/bin/kn_log_controller	kn_log_controller		1	10056	ace6671644076aeb6c81cd840145904c29e54f5f37121664db13f20f5f0b4eeb	0	ELF 64-bit LSB executable, ARM aarch64, version 1 (SYSV), dynamically linked, interpreter /lib/ld-musl-aarch64.so.1, stripped
b	/usr/bin/kn_meshd	monitor-tools	kn_meshd	1	92656	88270ce6c7efd7044825cf4da3bf7e01e28555f26d51c134e05e1e31b9af659e	0	ELF 64-bit LSB executable, ARM aarch64, version 1 (SYSV), dynamically linked, interpreter /lib/ld-musl-aarch64.so.1, stripped
b	/usr/bin/kn_modeswitchd	monitor-tools	kn_modeswitchd	1	121632	d5bab857ec5f9d83fc8f7e21e0cd462c52933ea529c4e301ab2acb03024cff0b	14	ELF 64-bit LSB executable, ARM aarch64, version 1 (SYSV), dynamically linked, interpreter /lib/ld-musl-aarch64.so.1, stripped
b	/usr/bin/kn_procd	monitor-tools	kn_procd	1	31200	25ec65f1b65624c711a761fd22cdb90d7e7a2ddac53797dda60551bb9ce8b6e7	0	ELF 64-bit LSB executable, ARM aarch64, version 1 (SYSV), dynamically linked, interpreter /lib/ld-musl-aarch64.so.1, stripped
b	/usr/bin/kn_syslogd	monitor-tools	kn_syslogd	1	92800	3faace9e5235a14cf93ef251f4a6acc3c4a8fd409a34ac501081eb2b639f1ddd	17	ELF 64-bit LSB executable, ARM aarch64, version 1 (SYSV), dynamically linked, interpreter /lib/ld-musl-aarch64.so.1, stripped
b	/usr/bin/kn_sysmond	monitor-tools	kn_sysmond	1	51680	41a81d775c8b6b8397af733f8416f0331975f985103fab0d1118a95e57b5f6e9	20	ELF 64-bit LSB executable, ARM aarch64, version 1 (SYSV), dynamically linked, interpreter /lib/ld-musl-aarch64.so.1, stripped
b	/usr/bin/kn_telnetd	monitor-tools	kn_telnetd	1	39392	9b1ad4e70fee9493df071a24b0845c51283e1c5cb7c00574c71dd79546bcdb71	0	ELF 64-bit LSB executable, ARM aarch64, version 1 (SYSV), dynamically linked, interpreter /lib/ld-musl-aarch64.so.1, stripped
b	/usr/bin/kn_wps	kn_wps		1	10056	7d7f304d318aeb620627772706a8c6e6e216cdb4d5040a512aad66d759045cb0	0	ELF 64-bit LSB executable, ARM aarch64, version 1 (SYSV), dynamically linked, interpreter /lib/ld-musl-aarch64.so.1, stripped
b	/usr/bin/knsh	KnShell		0	763720	9f92c1b8d9b935a2259b8c2fb842c8cb0932d94990e1e0b61837be57f89529d2	91	ELF 64-bit LSB executable, ARM aarch64, version 1 (SYSV), dynamically linked, interpreter /lib/ld-musl-aarch64.so.1, stripped
b	/usr/bin/kuci	kn_uci		1	10128	015fcbcb893d9ad82d5baa6f5a395a734730de78115100ef7c4f3ae558401019	0	ELF 64-bit LSB executable, ARM aarch64, version 1 (SYSV), dynamically linked, interpreter /lib/ld-musl-aarch64.so.1, stripped
b	/usr/bin/kvcedit	kvcedit		0	14240	a8f3ab3dfe9c1cca06c6d63d17b2c2c134b968aba540492c302d6461184565c3	0	ELF 64-bit LSB executable, ARM aarch64, version 1 (SYSV), dynamically linked, interpreter /lib/ld-musl-aarch64.so.1, stripped
b	/usr/bin/lbs_em	lbs_em		0	531120	7c9fd5d50305e5e555ecf7ce6f1659728a328c3e2956a145df21b0157481dbb0	5	ELF 64-bit LSB executable, ARM aarch64, version 1 (SYSV), dynamically linked, interpreter /lib/ld-musl-aarch64.so.1, stripped
b	/usr/bin/libmodem-afe-ctrl-server-bin	libmodemafectrl	libmodem_afe_service	1	10288	48e8fe7e68b84c9bece76f6ae554441e3a69b04c893deb623b6fae109064d2bc	0	ELF 64-bit LSB executable, ARM aarch64, version 1 (SYSV), dynamically linked, interpreter /lib/ld-musl-aarch64.so.1, stripped
b	/usr/bin/log_controld	log_controld	log_controld	1	35192	60cebc3f6e7a39b05ef775652240cbb3fd23ba608f5edbb783de4069a5382ca2	0	ELF 64-bit LSB executable, ARM aarch64, version 1 (SYSV), dynamically linked, interpreter /lib/ld-musl-aarch64.so.1, stripped
b	/usr/bin/lppe_service	lppe_service	lppe_service	1	162072	79f5d5b6497e1512fecbfb28a220e084d171cd6258004cf601dfb9ef286c6905	0	ELF 64-bit LSB executable, ARM aarch64, version 1 (SYSV), dynamically linked, interpreter /lib/ld-musl-aarch64.so.1, stripped
b	/usr/bin/lua5.1	lua		0	14160	1b7f2c9c328f091ad185c524a329c6b8f66a93abc4fa60bb25924a56d5decb15	0	ELF 64-bit LSB executable, ARM aarch64, version 1 (SYSV), dynamically linked, interpreter /lib/ld-musl-aarch64.so.1, stripped
b	/usr/bin/mapd	mapd		0	1299712	c13da46793936adb926fc7a7e7bdc141b6f063d0752e9355b297a615df2c674c	5	ELF 64-bit LSB executable, ARM aarch64, version 1 (SYSV), dynamically linked, interpreter /lib/ld-musl-aarch64.so.1, stripped
b	/usr/bin/mapd_cli	mapd		0	65664	cc86dd660c358d5ed711cfc4cae2a020b47738fe1fb9ebc9a96aa7e64e2f66cc	0	ELF 64-bit LSB executable, ARM aarch64, version 1 (SYSV), dynamically linked, interpreter /lib/ld-musl-aarch64.so.1, stripped
b	/usr/bin/mapd_user_iface	mapd		0	10056	dca2eccbcef2a723d47d0278f0b8d1b9898bd2b3d4214787f750cfec51cc120f	0	ELF 64-bit LSB executable, ARM aarch64, version 1 (SYSV), dynamically linked, interpreter /lib/ld-musl-aarch64.so.1, stripped
b	/usr/bin/mcf_cmd	mcf_cmd		0	14240	c263e61fe5db55cc9b5fdff7105658b0706aaf474e1e8d3994f62fd48f55cadc	0	ELF 64-bit LSB executable, ARM aarch64, version 1 (SYSV), dynamically linked, interpreter /lib/ld-musl-aarch64.so.1, stripped
b	/usr/bin/meta_tst	meta_tst	meta_tst	1	145416	ba2c6c8abe95d10581a3f95c32301ad5c71e0e10f41ae528b2cea610d38e8501	18	ELF 64-bit LSB executable, ARM aarch64, version 1 (SYSV), dynamically linked, interpreter /lib/ld-musl-aarch64.so.1, stripped
b	/usr/bin/mii_mgr	mii_mgr		0	10224	6bdf15b4a14d8786dcdc584aa17deb99abb17ec5ffac9d7c054eee64e8998728	0	ELF 64-bit LSB executable, ARM aarch64, version 1 (SYSV), dynamically linked, interpreter /lib/ld-musl-aarch64.so.1, stripped
b	/usr/bin/mii_mgr_cl45	mii_mgr		0	10224	ac5204819483ca62f26b1334249ab7eca6d09e2aa7c4ff2feb7b2df93ebcbf4e	0	ELF 64-bit LSB executable, ARM aarch64, version 1 (SYSV), dynamically linked, interpreter /lib/ld-musl-aarch64.so.1, stripped
b	/usr/bin/mipc_submonitor	mipc_submonitor	mipc_submonitor.init	1	36472	158a34026a55ba38af8c28accd107533be1834b73d5278f04583898ce8d8a9a4	3	ELF 64-bit LSB executable, ARM aarch64, version 1 (SYSV), dynamically linked, interpreter /lib/ld-musl-aarch64.so.1, stripped
b	/usr/bin/mipc_wan_cli	mipc-wan		1	77128	2f6d3098d8c3204715c9f2b30ffad7614747abce7263320d5faf4a2bb35228ba	2	ELF 64-bit LSB executable, ARM aarch64, version 1 (SYSV), dynamically linked, interpreter /lib/ld-musl-aarch64.so.1, stripped
b	/usr/bin/mnld	mnld	mnld	1	883176	955e56f5eb47d7f2ecb9532eb247def91f4478ac65f062fbe8ed8692aa7076d1	31	ELF 64-bit LSB executable, ARM aarch64, version 1 (SYSV), dynamically linked, interpreter /lib/ld-musl-aarch64.so.1, stripped
b	/usr/bin/mnld_test	mnld		0	43376	bd549e49d71d4f39e7dc0171dc6239ec6401e8d3bf0a04f1965eb5738c32770f	0	ELF 64-bit LSB executable, ARM aarch64, version 1 (SYSV), dynamically linked, interpreter /lib/ld-musl-aarch64.so.1, stripped
b	/usr/bin/mpstat	sysstat		0	55344	8eed0e642ae36a6a65f546f0357cbdd0530046dc4564107893462d4794bc29b0	0	ELF 64-bit LSB executable, ARM aarch64, version 1 (SYSV), dynamically linked, interpreter /lib/ld-musl-aarch64.so.1, stripped
b	/usr/bin/mrdump_tool	mrdump_tool		0	51224	cd31a742b848a27933b6ecedb50a8766eef597d9c27dc6cc1eb7289fa6006f76	2	ELF 64-bit LSB executable, ARM aarch64, version 1 (SYSV), dynamically linked, interpreter /lib/ld-musl-aarch64.so.1, stripped
b	/usr/bin/mtk_act_data_call	mtk_netagent		1	10056	55dbaafe6a502d91e52d1124501dd683911f1f2383daf6ee2539fd21b29edd13	0	ELF 64-bit LSB executable, ARM aarch64, version 1 (SYSV), dynamically linked, interpreter /lib/ld-musl-aarch64.so.1, stripped
b	/usr/bin/mtk_agpsd	mtk_agpsd	mtk_agpsd	1	2690152	a3bfc50124324af0ef5b4cc66d328dba064746ebb434e1610592a65984ab92b0	29	ELF 64-bit LSB executable, ARM aarch64, version 1 (SYSV), dynamically linked, interpreter /lib/ld-musl-aarch64.so.1, stripped
b	/usr/bin/mtk_deact_data_call	mtk_netagent		1	9976	0eb2d647e8410334993e8fbc9e0583b32c2ca230d4dda709b5bd20bf725c3945	0	ELF 64-bit LSB executable, ARM aarch64, version 1 (SYSV), dynamically linked, interpreter /lib/ld-musl-aarch64.so.1, stripped
b	/usr/bin/mtk_ia	mtk_netagent		1	10056	b6cfb06be8d840ba1baa7e0c257b8339be5c635e5341f449b836623eb98a1d33	0	ELF 64-bit LSB executable, ARM aarch64, version 1 (SYSV), dynamically linked, interpreter /lib/ld-musl-aarch64.so.1, stripped
b	/usr/bin/mtk_monitor_hang	monitor_hang	mtk_hang_detect	1	10272	2c2813f2d6954bdf25b1d15c96af30947ed47f6693fc4bdd43d1f70518afaa8e	5	ELF 64-bit LSB executable, ARM aarch64, version 1 (SYSV), dynamically linked, interpreter /lib/ld-musl-aarch64.so.1, stripped
b	/usr/bin/mtk_netagent	mtk_netagent	mtk_netagent	1	30704	6377fba84a24aadf311e4e09f82270bdd502233d497d0b8a0b52fb80948457db	0	ELF 64-bit LSB executable, ARM aarch64, version 1 (SYSV), dynamically linked, interpreter /lib/ld-musl-aarch64.so.1, stripped
b	/usr/bin/nvram_daemon	mtk_nvram	1nvram_daemon	1	10392	2df26b88975a2f2426fbf2b64ce00a779f58b1151aea8ddcc0c357606b2ca921	1	ELF 64-bit LSB executable, ARM aarch64, version 1 (SYSV), dynamically linked, interpreter /lib/ld-musl-aarch64.so.1, stripped
b	/usr/bin/nvram_test	mtk_nvram		1	6056	c577ca1b786314ca8861aaae2adc0ba32fde95ddaac84d332877cd83bebea15e	0	ELF 64-bit LSB executable, ARM aarch64, version 1 (SYSV), dynamically linked, interpreter /lib/ld-musl-aarch64.so.1, stripped
b	/usr/bin/nvramedit	kn_nvramedit		1	10128	2ef15a03ea0a0baa271f108c4d4b29b0befac38ff8c94c338775162624ebb299	0	ELF 64-bit LSB executable, ARM aarch64, version 1 (SYSV), dynamically linked, interpreter /lib/ld-musl-aarch64.so.1, stripped
b	/usr/bin/openssl	openssl-util		0	595440	fb4cb65da8f6350c0ea9985ef76a3f52b1b94ce77c182d3981d3999dbeebcf45	5	ELF 64-bit LSB executable, ARM aarch64, version 1 (SYSV), dynamically linked, interpreter /lib/ld-musl-aarch64.so.1, stripped
b	/usr/bin/p1905_managerd	1905daemon		0	1113320	dcd825d0558c6a5e268fff2b5adaf2f059a047a72fa23fa349d9037ebf79e101	0	ELF 64-bit LSB executable, ARM aarch64, version 1 (SYSV), dynamically linked, interpreter /lib/ld-musl-aarch64.so.1, stripped
b	/usr/bin/php8-cgi	php8-cgi		0	4097912	c3860439172fa0a3eb0f637cb9f5406f12d1673d17c03ab699f3f42819025fa2	31	ELF 64-bit LSB executable, ARM aarch64, version 1 (SYSV), dynamically linked, interpreter /lib/ld-musl-aarch64.so.1, stripped
b	/usr/bin/php8-cli	php8-cli		0	4163768	fea7a9a2228ba92c376014ac31450aba0472bf08eef64dbace04e10ea5cc0d76	32	ELF 64-bit LSB executable, ARM aarch64, version 1 (SYSV), dynamically linked, interpreter /lib/ld-musl-aarch64.so.1, stripped
b	/usr/bin/php8-fpm	php8-fpm	php8-fpm	1	4202640	63d5a20814ea5ee7050f89c5f1546e7ba8e4154a1e81cb10ffcd4b20c0774870	31	ELF 64-bit LSB executable, ARM aarch64, version 1 (SYSV), dynamically linked, interpreter /lib/ld-musl-aarch64.so.1, stripped
b	/usr/bin/pidstat	sysstat		0	59440	6b9588b1f2f568b83ad1ba4d32d4a09f2f9e701fb533c59073b86f89409366a3	0	ELF 64-bit LSB executable, ARM aarch64, version 1 (SYSV), dynamically linked, interpreter /lib/ld-musl-aarch64.so.1, stripped
b	/usr/bin/ql_datacall	ql-datacall		1	47256	69ce13da3f56a9ae5be5ffad4d4da2f32ea31ced1c91d651c3ca63a473b0cdd4	0	ELF 64-bit LSB executable, ARM aarch64, version 1 (SYSV), dynamically linked, interpreter /lib/ld-musl-aarch64.so.1, stripped
b	/usr/bin/ql_ippt	ql-ippt	ql_ippt	1	34632	9aa74f1d9926be202a7d08d7d13628da2bd3a420e5ff7663784a66467da8b5d7	0	ELF 64-bit LSB executable, ARM aarch64, version 1 (SYSV), dynamically linked, interpreter /lib/ld-musl-aarch64.so.1, stripped
b	/usr/bin/ql_netd	ql-netd	ql_netd	1	121168	4b816444d64597e8a2a7d48da2113e7ea979c2952606586b0fe6f03bfa46f295	0	ELF 64-bit LSB executable, ARM aarch64, version 1 (SYSV), dynamically linked, interpreter /lib/ld-musl-aarch64.so.1, stripped
b	/usr/bin/ql_powerd	ql_powerd	ql_powerd.init	1	14152	0b7b0837648ab6268f4d6fab0c9e29badff83b6b318a777ddb0eb301a1a2ec3f	0	ELF 64-bit LSB executable, ARM aarch64, version 1 (SYSV), dynamically linked, interpreter /lib/ld-musl-aarch64.so.1, stripped
b	/usr/bin/ql_ril_service	ql-ril-service	ql_ril_service	1	328888	2c58631a17c9ab6e9eb1b41b8079cf61e2532cd6dbc0afd38db28ed5ec3e912b	0	ELF 64-bit LSB executable, ARM aarch64, version 1 (SYSV), dynamically linked, interpreter /lib/ld-musl-aarch64.so.1, stripped
b	/usr/bin/ql_wifi_sample	ql_wifi_api		1	44360	472e88fe634124869596e89e3f5f7e8dfca7aa9f9cd21be06f8586fddf8be276	0	ELF 64-bit LSB executable, ARM aarch64, version 1 (SYSV), dynamically linked, interpreter /lib/ld-musl-aarch64.so.1, stripped
b	/usr/bin/rawdata_test	rawdata_test		0	14672	c70c4417f3e619bea13f049e4a2da796ae59ac44c9f69c311a6c55ba55dfc495	0	ELF 64-bit LSB executable, ARM aarch64, version 1 (SYSV), dynamically linked, interpreter /lib/ld-musl-aarch64.so.1, stripped
b	/usr/bin/regs	regs		0	10128	771e7ffe50d4607a105ff5ec40d8c0b72f2576a9ed3ded9fd5d4a5adbdfe8d66	0	ELF 64-bit LSB executable, ARM aarch64, version 1 (SYSV), dynamically linked, interpreter /lib/ld-musl-aarch64.so.1, stripped
b	/usr/bin/rrdtool	rrdtool1		0	18248	318e6bb73e7f1c825d013b989a756ae414c3d5215449eca345fb012658bf9e56	0	ELF 64-bit LSB executable, ARM aarch64, version 1 (SYSV), dynamically linked, interpreter /lib/ld-musl-aarch64.so.1, stripped
b	/usr/bin/rrdupdate	rrdtool1		0	14216	22c35e5a39ba254e351cfe60d92ca64c079d0f1e43a192e32087f8a0e65d9bd1	0	ELF 64-bit LSB executable, ARM aarch64, version 1 (SYSV), dynamically linked, interpreter /lib/ld-musl-aarch64.so.1, stripped
b	/usr/bin/sadf	sysstat		0	300928	18c23d126e2c181316e88f3e3321ed14340f33f1d20403c82250ff895e2b597b	0	ELF 64-bit LSB executable, ARM aarch64, version 1 (SYSV), dynamically linked, interpreter /lib/ld-musl-aarch64.so.1, stripped
b	/usr/bin/sample_adc	libql_peripheral		0	5880	869480f7d1c8ee2991275462723e82dabac44576bbf28876b8429363d47a3965	0	ELF 64-bit LSB executable, ARM aarch64, version 1 (SYSV), dynamically linked, interpreter /lib/ld-musl-aarch64.so.1, stripped
b	/usr/bin/sample_at	libql_at		0	10056	5dc619ebe037bd1cef7c667078e1d7fcdfb51253603d698c6795440e3744d8e1	0	ELF 64-bit LSB executable, ARM aarch64, version 1 (SYSV), dynamically linked, interpreter /lib/ld-musl-aarch64.so.1, stripped
b	/usr/bin/sample_datacall	ql-datacall		1	18680	e35c0b7ba31bbea72309a9941c01b852817e845a1ca2fbb96414344f5cb54eb4	0	ELF 64-bit LSB executable, ARM aarch64, version 1 (SYSV), dynamically linked, interpreter /lib/ld-musl-aarch64.so.1, stripped
b	/usr/bin/sample_eth	libql_peripheral		0	10128	b76c4963136f757cd021ea35840ea73f5dbcca254c5eb547b059975656485b2f	0	ELF 64-bit LSB executable, ARM aarch64, version 1 (SYSV), dynamically linked, interpreter /lib/ld-musl-aarch64.so.1, stripped
b	/usr/bin/sample_gpio_int	libql_peripheral		0	5888	70af16cf1cee16419854f43fc408f0f6bfa1d767949646151aa057fc8296492e	0	ELF 64-bit LSB executable, ARM aarch64, version 1 (SYSV), dynamically linked, interpreter /lib/ld-musl-aarch64.so.1, stripped
b	/usr/bin/sample_gpio_normal	libql_peripheral		0	5888	22c2daf8c2e967cf70a0f8c392656b5e4f39ec38fab33210cdd173f642fc2460	0	ELF 64-bit LSB executable, ARM aarch64, version 1 (SYSV), dynamically linked, interpreter /lib/ld-musl-aarch64.so.1, stripped
b	/usr/bin/sample_i2c	libql_peripheral		0	5880	5aab1f9394e3b3d757c5dcf7be38de2ad92ce8ca7da5c26eb62840bd60896e15	0	ELF 64-bit LSB executable, ARM aarch64, version 1 (SYSV), dynamically linked, interpreter /lib/ld-musl-aarch64.so.1, stripped
b	/usr/bin/sample_iaapn	ql-iaapn		1	10416	b974b78c6ce86db750a227e1e3f5d0e521720919eaa1833a066af0dba60d2109	0	ELF 64-bit LSB executable, ARM aarch64, version 1 (SYSV), dynamically linked, interpreter /lib/ld-musl-aarch64.so.1, stripped
b	/usr/bin/sample_spi	libql_peripheral		0	5960	fa8ba5f5f2a6d98179a2d940490d4fba237103aaed89db8f0fd2506f68df753f	0	ELF 64-bit LSB executable, ARM aarch64, version 1 (SYSV), dynamically linked, interpreter /lib/ld-musl-aarch64.so.1, stripped
b	/usr/bin/sample_uart	libql_peripheral		0	10056	0d69de1cbb71cf191ecfdd2668a72bc6f20469e9db44a418aee8cc910ddc76d0	0	ELF 64-bit LSB executable, ARM aarch64, version 1 (SYSV), dynamically linked, interpreter /lib/ld-musl-aarch64.so.1, stripped
b	/usr/bin/sar	sysstat		0	115752	3504c9a5004d385b196ae16d9adca01544d709a89c1fd167fa2583cb50de7dc1	0	ELF 64-bit LSB executable, ARM aarch64, version 1 (SYSV), dynamically linked, interpreter /lib/ld-musl-aarch64.so.1, stripped
b	/usr/bin/scd	scd	scd	1	18368	fcf7e086b2b6e420b495efda9b91ab8fc0aaf72ad363c0bc04097d3d023bee19	9	ELF 64-bit LSB executable, ARM aarch64, version 1 (SYSV), dynamically linked, interpreter /lib/ld-musl-aarch64.so.1, stripped
b	/usr/bin/speech_daemon	libspeech_drv	speech_daemon	1	14384	0b6579d5aace5c5ca2ca39510260f5ae27612b330c8f7267249daaae1fad73d2	0	ELF 64-bit LSB executable, ARM aarch64, version 1 (SYSV), dynamically linked, interpreter /lib/ld-musl-aarch64.so.1, stripped
b	/usr/bin/speed_monitor	speed_monitor		0	9976	3c664a003e09a43e9c035f2e1c033f88d034dd90b64519dfb20d1a80b4ff4d74	0	ELF 64-bit LSB executable, ARM aarch64, version 1 (SYSV), dynamically linked, interpreter /lib/ld-musl-aarch64.so.1, stripped
b	/usr/bin/strace	strace		0	923936	f7d4a4aab1cb41d082a08980a4dff8c84139efbbb028053ef1b5f34f09f70d36	35	ELF 64-bit LSB executable, ARM aarch64, version 1 (SYSV), dynamically linked, interpreter /lib/ld-musl-aarch64.so.1, stripped
b	/usr/bin/sudo	sudo		0	137384	a2c6b5faf003e8de4ce2ae176f922312f276747c6da09ab077bdfeacb0913b57	0	setuid ELF 64-bit LSB executable, ARM aarch64, version 1 (SYSV), dynamically linked, interpreter /lib/ld-musl-aarch64.so.1, stripped
b	/usr/bin/switch	switch	switch_otg_daemon	1	79760	cb65ad1b5d0e079c68ec21cd6219689f60495c5efa6f8739ce75cbe96a846efd	0	ELF 64-bit LSB executable, ARM aarch64, version 1 (SYSV), dynamically linked, interpreter /lib/ld-musl-aarch64.so.1, stripped
b	/usr/bin/switch_otg_daemon	switch_otg_daemon	switch_otg_daemon	1	10064	0b82b938945a40a0c9e6843a790616f67d9a8d885412fd41ab6a4bd4e60f1c6d	0	ELF 64-bit LSB executable, ARM aarch64, version 1 (SYSV), dynamically linked, interpreter /lib/ld-musl-aarch64.so.1, stripped
b	/usr/bin/thermal_core	thermal_core	thermal_core	1	55544	0081b71eafef926b39acd7f8e12442ee3f41eee7d4f5970d44899ac21cd32c68	4	ELF 64-bit LSB pie executable, ARM aarch64, version 1 (SYSV), dynamically linked, interpreter /lib/ld-musl-aarch64.so.1, stripped
b	/usr/bin/thermal_intf	thermal_core		0	9912	5c6622fdb146af54db085aa1e720d9ac9311585737c3371f34e5a219eecc2b2c	0	ELF 64-bit LSB pie executable, ARM aarch64, version 1 (SYSV), dynamically linked, interpreter /lib/ld-musl-aarch64.so.1, stripped
b	/usr/bin/upgrade	kn_upgrade		1	22416	eacf131a2e35d72ea6c41b8b0f07382d802580b6f4d213f3c7d0a31b400d484d	49	ELF 64-bit LSB executable, ARM aarch64, version 1 (SYSV), dynamically linked, interpreter /lib/ld-musl-aarch64.so.1, stripped
b	/usr/bin/usign	usign		0	26512	df4b0f5dcf431004a538ac5c902b9140559f0d355d638a687292d305a4c52269	0	ELF 64-bit LSB executable, ARM aarch64, version 1 (SYSV), dynamically linked, interpreter /lib/ld-musl-aarch64.so.1, stripped
b	/usr/bin/vnstat	vnstat2		0	120720	dd50a838119618247ea53431c03f36224592a23832a886e61a77e24042311c33	4	ELF 64-bit LSB executable, ARM aarch64, version 1 (SYSV), dynamically linked, interpreter /lib/ld-musl-aarch64.so.1, stripped
b	/usr/bin/vnstati	vnstati2		0	96144	49441b0c2d9bfa336a10bdd2819344688fc4dddfab0fa4cc13beec2d7b7e7b86	4	ELF 64-bit LSB executable, ARM aarch64, version 1 (SYSV), dynamically linked, interpreter /lib/ld-musl-aarch64.so.1, stripped
b	/usr/bin/wapp	wapp	wapp	1	1298800	5a03b31ea6523ad919f82c602ae8f75f54285647ac880ae8f3bbd9c70884bcc3	2	ELF 64-bit LSB executable, ARM aarch64, version 1 (SYSV), dynamically linked, interpreter /lib/ld-musl-aarch64.so.1, stripped
b	/usr/bin/wappctrl	wapp		0	46648	4de35418f7fa7eb126faeb01b9f018340294426965b60ae4deb787ffb0e68d04	0	ELF 64-bit LSB executable, ARM aarch64, version 1 (SYSV), dynamically linked, interpreter /lib/ld-musl-aarch64.so.1, stripped
b	/usr/bin/wificonf	wificonf		0	18328	9cb969e3f36b0bcd2b38e445e1812c2bb229f3af58af87cdf3959805bcf6ab46	0	ELF 64-bit LSB executable, ARM aarch64, version 1 (SYSV), dynamically linked, interpreter /lib/ld-musl-aarch64.so.1, stripped
b	/usr/sbin/adjtimex	ntpclient		0	10128	ee8728c384915a7bbe56dde3ec96807dac3155febb22f4464e7965a8f13c5c46	0	ELF 64-bit LSB executable, ARM aarch64, version 1 (SYSV), dynamically linked, interpreter /lib/ld-musl-aarch64.so.1, stripped
b	/usr/sbin/at_erftx	at_erftx		0	10056	d52d91e128c96a42768364805a4f774cf8e4b39f59c1eb61812067f6000452ae	0	ELF 64-bit LSB executable, ARM aarch64, version 1 (SYSV), dynamically linked, interpreter /lib/ld-musl-aarch64.so.1, stripped
b	/usr/sbin/blkid	blkid		0	108472	c920987342822b8205fadd753267afa5a84ee9da888816f30eaacabe9814ece1	0	ELF 64-bit LSB executable, ARM aarch64, version 1 (SYSV), dynamically linked, interpreter /lib/ld-musl-aarch64.so.1, stripped
b	/usr/sbin/bridge	ip-bridge		0	65336	cc4f1f5399a3999a2d9c0ce9ae1c8f59c298da4683c4c4f589e323ea26afd61e	0	ELF 64-bit LSB executable, ARM aarch64, version 1 (SYSV), dynamically linked, interpreter /lib/ld-musl-aarch64.so.1, stripped
b	/usr/sbin/collectd	collectd	collectd	1	215440	6c9cb2e70dd7ecaa1538e7f8eeaa0180ace6eaa327c05f167cb7ca3ec9d0532f	4	ELF 64-bit LSB executable, ARM aarch64, version 1 (SYSV), dynamically linked, interpreter /lib/ld-musl-aarch64.so.1, stripped
b	/usr/sbin/conntrack	conntrack		0	68184	469bab9c9d3a9b2a686432a787dc9cb6d7b8f2498c0fc73966cd4ad07a8ce26e	3	ELF 64-bit LSB executable, ARM aarch64, version 1 (SYSV), dynamically linked, interpreter /lib/ld-musl-aarch64.so.1, stripped
b	/usr/sbin/dnsmasq	dnsmasq	dnsmasq	1	307760	771d527a2cf67f2332c103947c54e6de009b371517e6ff7fb555b188125f3123	1	ELF 64-bit LSB pie executable, ARM aarch64, version 1 (SYSV), dynamically linked, interpreter /lib/ld-musl-aarch64.so.1, stripped
b	/usr/sbin/dropbear	dropbear	dropbear	1	203600	4a6934d5d8944f3cc9581899a0db12bea0bd600b7204e4a328eabb299cbb5c6f	1	ELF 64-bit LSB pie executable, ARM aarch64, version 1 (SYSV), dynamically linked, interpreter /lib/ld-musl-aarch64.so.1, stripped
b	/usr/sbin/e2fsck	e2fsprogs		0	289592	5c4aa33e76522e8061cd003dc9e781337b4ce7356611ad244b216b8d0fd983a1	10	ELF 64-bit LSB executable, ARM aarch64, version 1 (SYSV), dynamically linked, interpreter /lib/ld-musl-aarch64.so.1, stripped
b	/usr/sbin/easycwmpd	easycwmp	easycwmpd	1	89280	b0fcdd88bc7acd18ba4c38ba9c8a7bc21dfc4e42427c779f0e940f6f6512afcd	10	ELF 64-bit LSB executable, ARM aarch64, version 1 (SYSV), dynamically linked, interpreter /lib/ld-musl-aarch64.so.1, stripped
b	/usr/sbin/ebtables	ebtables		0	5960	a46889e4112379a0570f4496561d86e98694e669ea11ca2d10b8ea2542739cae	0	ELF 64-bit LSB executable, ARM aarch64, version 1 (SYSV), dynamically linked, interpreter /lib/ld-musl-aarch64.so.1, stripped
b	/usr/sbin/ebtables-restore	ebtables-utils		0	10128	23925bd25de5a72b6fdb10861069e1cbb55004b176f5aba89c775db3a166bd9c	0	ELF 64-bit LSB executable, ARM aarch64, version 1 (SYSV), dynamically linked, interpreter /lib/ld-musl-aarch64.so.1, stripped
b	/usr/sbin/esp32_controller	esp32_at_send		1	10152	1421688ed95e10386bb243efd4b3a06592ae736a73265902a70340b6a04a09a9	0	ELF 64-bit LSB executable, ARM aarch64, version 1 (SYSV), dynamically linked, interpreter /lib/ld-musl-aarch64.so.1, stripped
b	/usr/sbin/esp32_flasher	esp32_flasher		1	26520	144f5d5d9402df745d0e67f96747adcec0f37f5b0941264f6e393499a3a483f4	0	ELF 64-bit LSB executable, ARM aarch64, version 1 (SYSV), dynamically linked, interpreter /lib/ld-musl-aarch64.so.1, stripped
b	/usr/sbin/esp32_uart	esp32_uart	esp32_uart	1	10056	0d03c872e23d3b7c8ee70c24dfb6bc4f9d4d2cd64d04c7e35a21d2cab4596954	0	ELF 64-bit LSB executable, ARM aarch64, version 1 (SYSV), dynamically linked, interpreter /lib/ld-musl-aarch64.so.1, stripped
b	/usr/sbin/ethtool	ethtool		0	92296	a3528e495df44854c7346831b9a21ca975b029da5dfa5fb1c6952b746c77e49d	0	ELF 64-bit LSB executable, ARM aarch64, version 1 (SYSV), dynamically linked, interpreter /lib/ld-musl-aarch64.so.1, stripped
b	/usr/sbin/hostapd_cli	wpad-openssl		0	51264	3880231410c9592cc6941f0e515770c52277006aaa1bb21e0af9e656b951fa49	1	ELF 64-bit LSB executable, ARM aarch64, version 1 (SYSV), dynamically linked, interpreter /lib/ld-musl-aarch64.so.1, stripped
b	/usr/sbin/ipset	ipset		0	5960	74d5db25899aa7b6874a6eb5ce0da991f9febdcc2479a1b45476e1ee1a598aa1	0	ELF 64-bit LSB executable, ARM aarch64, version 1 (SYSV), dynamically linked, interpreter /lib/ld-musl-aarch64.so.1, stripped
b	/usr/sbin/iw	iw		0	137608	8d32744e2b9afd4ac30f27eebad7f98866dae36c7866cc630d51ba24531d4084	1	ELF 64-bit LSB executable, ARM aarch64, version 1 (SYSV), dynamically linked, interpreter /lib/ld-musl-aarch64.so.1, stripped
b	/usr/sbin/iwconfig	wireless-tools		0	55248	241f41db6582d96e97a3f3cab8c8ff1921b6f663280bf51e457aa284cb3d6552	0	ELF 64-bit LSB executable, ARM aarch64, version 1 (SYSV), dynamically linked, interpreter /lib/ld-musl-aarch64.so.1, stripped
b	/usr/sbin/lighttpd	lighttpd	lighttpd	1	329792	2292d1e41e269bcabcf03dbcb9bdd01bbc8bdd52b2ca0fc2a6be803c9e2f26f3	15	ELF 64-bit LSB executable, ARM aarch64, version 1 (SYSV), dynamically linked, interpreter /lib/ld-musl-aarch64.so.1, stripped
b	/usr/sbin/logrotate	logrotate		0	63392	2e61df1e3d639e4c95e436a1bb087ff5602a3b281f614ff7b6bd5793e97ab52a	0	ELF 64-bit LSB executable, ARM aarch64, version 1 (SYSV), dynamically linked, interpreter /lib/ld-musl-aarch64.so.1, stripped
b	/usr/sbin/miniupnpd	miniupnpd-iptables	miniupnpd	1	158208	a053bdaac1112af418d0150917661dfe8af0c42b0186665429699ead052c17f1	1	ELF 64-bit LSB executable, ARM aarch64, version 1 (SYSV), dynamically linked, interpreter /lib/ld-musl-aarch64.so.1, stripped
b	/usr/sbin/mke2fs	e2fsprogs		0	104520	7cbc68382e0f9130222ca0b33b70d943b26385ff39ca8c2285219a17e6ea8e77	1	ELF 64-bit LSB executable, ARM aarch64, version 1 (SYSV), dynamically linked, interpreter /lib/ld-musl-aarch64.so.1, stripped
b	/usr/sbin/mwctl	mwctl		0	121248	66691fdec7305ccbe9369a8e5fb31b93daaad2e5b085eaa44aab1ef1e4d5d1fb	0	ELF 64-bit LSB executable, ARM aarch64, version 1 (SYSV), dynamically linked, interpreter /lib/ld-musl-aarch64.so.1, stripped
b	/usr/sbin/ntpclient	ntpclient		0	18328	b784828030a35baeff5f88d07656bcc4189aa019e452837ecdefe582694a38f0	0	ELF 64-bit LSB executable, ARM aarch64, version 1 (SYSV), dynamically linked, interpreter /lib/ld-musl-aarch64.so.1, stripped
b	/usr/sbin/odhcp6c	odhcp6c		0	48888	0f5f93122f8da75ab96ed9881e93b323e64bc6f1bd033681d313a66e31f71c38	0	ELF 64-bit LSB executable, ARM aarch64, version 1 (SYSV), dynamically linked, interpreter /lib/ld-musl-aarch64.so.1, stripped
b	/usr/sbin/odhcpd	odhcpd-ipv6only	odhcpd	1	88896	81ad68c4dcaabdf07d1c5d9c9fb12503c25f82cf2aea123b6ab0dee75427ed26	0	ELF 64-bit LSB pie executable, ARM aarch64, version 1 (SYSV), dynamically linked, interpreter /lib/ld-musl-aarch64.so.1, stripped
b	/usr/sbin/openvpn	openvpn-openssl	openvpn	1	493568	bb386d9bdb5f75ebaa995265238a6d76c9a033cd50abf18b13b2798b66b2bb57	0	ELF 64-bit LSB executable, ARM aarch64, version 1 (SYSV), dynamically linked, interpreter /lib/ld-musl-aarch64.so.1, stripped
b	/usr/sbin/pppd	ppp		0	312312	2bf019474b198a61de90ee1f6857eb544db2ccb1c375ec675a56fc4e532eb1f5	0	ELF 64-bit LSB pie executable, ARM aarch64, version 1 (SYSV), dynamically linked, interpreter /lib/ld-musl-aarch64.so.1, stripped
b	/usr/sbin/sim_lock	sim_lock		0	10184	407fd33dbeeda33e6822de6a4b6c9dcb7fc5447aacea49640ca03ea21ec679da	0	ELF 64-bit LSB executable, ARM aarch64, version 1 (SYSV), dynamically linked, interpreter /lib/ld-musl-aarch64.so.1, stripped
b	/usr/sbin/tcpdump	tcpdump		0	785608	e58a2f5702d5a2b9b036c9821eeea7eb5134dab6edf90812dba621d019255ebb	13	ELF 64-bit LSB executable, ARM aarch64, version 1 (SYSV), dynamically linked, interpreter /lib/ld-musl-aarch64.so.1, stripped
b	/usr/sbin/visudo	sudo		0	215200	df82b6c727f1024425e8dcd1dc7002c6d9949f6766c4ca4ac6181c90f03ec567	0	ELF 64-bit LSB executable, ARM aarch64, version 1 (SYSV), dynamically linked, interpreter /lib/ld-musl-aarch64.so.1, stripped
b	/usr/sbin/vnstatd	vnstat2	vnstat	1	92048	bd1932bdea9725570cfdd4df43d25cabe88c5b40c4896698ec130e994c52c60d	4	ELF 64-bit LSB executable, ARM aarch64, version 1 (SYSV), dynamically linked, interpreter /lib/ld-musl-aarch64.so.1, stripped
b	/usr/sbin/wpa_cli	wpad-openssl		0	98528	30791785f3081a638b82eee12f02688792f5da436c6782645722e611c093dfd5	1	ELF 64-bit LSB executable, ARM aarch64, version 1 (SYSV), dynamically linked, interpreter /lib/ld-musl-aarch64.so.1, stripped
b	/usr/sbin/wpad	wpad-openssl		0	2253672	3fd4214e901885f53de6f4677ff7d014a2cf671ee042737c43167c80fefb82a0	8	ELF 64-bit LSB pie executable, ARM aarch64, version 1 (SYSV), dynamically linked, interpreter /lib/ld-musl-aarch64.so.1, stripped
b	/usr/sbin/xtables-legacy-multi	iptables		0	74120	54560e0a8f9d2d622a17ccbd32c6ff63ab87bd0e730e4dee1912a7b69cc7188a	2	ELF 64-bit LSB executable, ARM aarch64, version 1 (SYSV), dynamically linked, interpreter /lib/ld-musl-aarch64.so.1, stripped
